	Entry ID	Entry name	Entry description
0	abiraterone-acetate	Abiraterone acetate	Abiraterone acetate, CAS Number: 154229-18-2
2	acetaldehyde	Acetaldehyde	Acetaldehyde, CAS Number: 75-07-0
3	acetamide	Acetamide	Acetamide, CAS Number: 60-35-5
4	acetaminophen	Acetaminophen	Acetaminophen, CAS Number: 103-90-2
5	acetazolamide	Acetazolamide	Acetazolamide, CAS Number: 59-66-5
6	acetochlor	Acetochlor	Acetochlor, CAS Number: 34256-82-1
7	acetohydroxamic-acid	Acetohydroxamic Acid	Acetohydroxamic Acid, CAS Number: 546-88-3
8	acetoxime	Acetoxime	Acetoxime, CAS Number: 127-06-0
9	2-acetylaminofluorene	2-Acetylaminofluorene	2-Acetylaminofluorene, CAS Number: 53-96-3
10	acifluorfen-sodium	Acifluorfen Sodium	Acifluorfen Sodium, CAS Number: 62476-59-9
12	acrylamide	Acrylamide	Acrylamide, CAS Number: 79-06-1
14	acrylonitrile	Acrylonitrile	Acrylonitrile, CAS Number: 107-13-1
15	actinomycin-d	Actinomycin D	Actinomycin D, CAS Number: 50-76-0
16	aflatoxins	Aflatoxins	Aflatoxins, CAS Number: None
17	alachlor	Alachlor	Alachlor, CAS Number: 15972-60-8
18	albuterol	Albuterol	Albuterol, CAS Number: 18559-94-9
19	alcoholic-beverages	Alcoholic beverages	Alcoholic beverages, CAS Number: None
20	alcoholic-beverages-when-associated-with-alcohol-abuse	Alcoholic Beverages, when associated with alcohol abuse	Alcoholic Beverages, when associated with alcohol abuse, CAS Number: None
21	aldrin	Aldrin	Aldrin, CAS Number: 309-00-2
22	all-trans-retinoic-acid	All-trans Retinoic Acid	All-trans Retinoic Acid, CAS Number: 302-79-4
23	allyl-chloride	Allyl Chloride	Allyl Chloride, CAS Number: 107-05-1
24	allyl-isovalerate	Allyl Isovalerate	Allyl Isovalerate, CAS Number: 2835-39-4
25	aloe-vera-non-decolorized-whole-leaf-extract	Aloe Vera, non-decolorized whole leaf extract	Aloe Vera, non-decolorized whole leaf extract, CAS Number: None
26	alpha-methylstyrene	alpha-Methylstyrene	alpha-Methylstyrene, CAS Number: 98-83-9
27	alprazolam	Alprazolam	Alprazolam, CAS Number: 28981-97-7
28	altretamine	Altretamine	Altretamine, CAS Number: 645-05-6
30	amantadine-hydrochloride	Amantadine Hydrochloride	Amantadine Hydrochloride, CAS Number: 665-66-7
31	amikacin-sulfate	Amikacin Sulfate	Amikacin Sulfate, CAS Number: 39831-55-5
32	1-amino-24-dibromoanthraquinone	1-Amino-2,4-dibromoanthraquinone	1-Amino-2,4-dibromoanthraquinone, CAS Number: 81-49-2
33	1-amino-2-methylanthraquinone	1-Amino-2-methylanthraquinone	1-Amino-2-methylanthraquinone, CAS Number: 82-28-0
34	4-amino-2-nitrophenol	4-Amino-2-nitrophenol	4-Amino-2-nitrophenol, CAS Number: 119-34-6
35	2-amino-4-isopropyl-d7-amino-6-chloro-triazine	2-Amino-4-(isopropyl-d7-amino)-6-chloro-triazine	2-Amino-4-(isopropyl-d7-amino)-6-chloro-triazine, CAS Number: 6190-65-4
36	2-amino-4-chlorophenol	2-Amino-4-Chlorophenol	2-Amino-4-Chlorophenol, CAS Number: 95-85-2
37	3-amino-9-ethylcarbazolehydrochloride	3-Amino-9-ethylcarbazolehydrochloride	3-Amino-9-ethylcarbazolehydrochloride, CAS Number: 6109-97-3
38	amino-alpha-carboline	Amino-alpha-carboline	Amino-alpha-carboline, CAS Number: 26148-68-5
39	2-aminoanthraquinone	2-Aminoanthraquinone	2-Aminoanthraquinone, CAS Number: 117-79-3
40	p-aminoazobenzene	p-Aminoazobenzene	p-Aminoazobenzene, CAS Number: 60-09-3
41	o-aminoazotoluene	o-Aminoazotoluene	o-Aminoazotoluene, CAS Number: 97-56-3
42	4-aminobiphenyl	4-Aminobiphenyl	4-Aminobiphenyl, CAS Number: 92-67-1
43	2-aminofluorene	2-Aminofluorene	2-Aminofluorene, CAS Number: 153-78-6
44	aminoglutethimide	Aminoglutethimide	Aminoglutethimide, CAS Number: 125-84-8
45	aminoglycosides	Aminoglycosides	Aminoglycosides, CAS Number: None
46	aminopterin	Aminopterin	Aminopterin, CAS Number: 54-62-6
47	amiodarone-hydrochloride	Amiodarone Hydrochloride	Amiodarone Hydrochloride, CAS Number: 19774-82-4
48	amitraz	Amitraz	Amitraz, CAS Number: 33089-61-1
49	amitrole	Amitrole	Amitrole, CAS Number: 61-82-5
51	amoxapine	Amoxapine	Amoxapine, CAS Number: 14028-44-5
52	amsacrine	Amsacrine	Amsacrine, CAS Number: 51264-14-3
53	anabolic-steroids	Anabolic Steroids	Anabolic Steroids, CAS Number: None
54	analgesic-mixtures-containing-phenacetin	Analgesic mixtures containing Phenacetin	Analgesic mixtures containing Phenacetin, CAS Number: None
55	androstenedione	Androstenedione	Androstenedione, CAS Number: 63-05-8
56	angiotensin-converting-enzyme-ace-inhibitors	Angiotensin converting enzyme (ACE) inhibitors	Angiotensin converting enzyme (ACE) inhibitors, CAS Number: None
57	anilazine	Anilazine	Anilazine, CAS Number: 101-05-3
58	aniline	Aniline	Aniline, CAS Number: 62-53-3
59	aniline-hydrochloride	Aniline Hydrochloride	Aniline Hydrochloride, CAS Number: 142-04-1
60	o-anisidine	o-Anisidine	o-Anisidine, CAS Number: 90-04-0
61	o-anisidine-hydrochloride	o-Anisidine Hydrochloride	o-Anisidine Hydrochloride, CAS Number: 134-29-2
62	anisindione	Anisindione	Anisindione, CAS Number: 117-37-3
63	anthraquinone	Anthraquinone	Anthraquinone, CAS Number: 84-65-1
65	antimony-trioxide	Antimony Trioxide	Antimony Trioxide, CAS Number: 1309-64-4
66	aramite	Aramite	Aramite, CAS Number: 140-57-8
67	areca-nut	Areca Nut	Areca Nut, CAS Number: None
68	aristolochic-acids	Aristolochic Acids	Aristolochic Acids, CAS Number: None
69	arsenic	Arsenic	Arsenic, CAS Number: 7440-38-2
71	asbestos	Asbestos	Asbestos, CAS Number: 1332-21-4
72	aspirin	Aspirin	Aspirin, CAS Number: 50-78-2
73	atenolol	Atenolol	Atenolol, CAS Number: 29122-68-7
74	atorvastatin-calcium	Atorvastatin calcium	Atorvastatin calcium, CAS Number: 134523-03-8
75	atrazine	Atrazine	Atrazine, CAS Number: 1912-24-9
76	atrazine-desisopropyl	Atrazine-desisopropyl	Atrazine-desisopropyl, CAS Number: 1007-28-9
77	auramine	Auramine	Auramine, CAS Number: 492-80-8
78	auranofin	Auranofin	Auranofin, CAS Number: 34031-32-8
79	avermectin-b1-abamectin	Avermectin B1 (Abamectin)	Avermectin B1 (Abamectin), CAS Number: 71751-41-2
80	azacitidine	Azacitidine	Azacitidine, CAS Number: 320-67-2
81	azaserine	Azaserine	Azaserine, CAS Number: 115-02-6
82	azathioprine	Azathioprine	Azathioprine, CAS Number: 446-86-6
84	azobenzene	Azobenzene	Azobenzene, CAS Number: 103-33-3
85	barbiturates	Barbiturates	Barbiturates, CAS Number: None
87	beclomethasone-dipropionate	Beclomethasone Dipropionate	Beclomethasone Dipropionate, CAS Number: 9/8/5534
88	benomyl	Benomyl	Benomyl, CAS Number: 17804-35-2
91	benthiavalicarb-isopropyl	Benthiavalicarb-isopropyl	Benthiavalicarb-isopropyl, CAS Number: 177406-68-7
92	benzaanthracene	Benz(a)anthracene	Benz(a)anthracene, CAS Number: 56-55-3
93	benzene	Benzene	Benzene, CAS Number: 71-43-2
94	benzidine	Benzidine	Benzidine, CAS Number: 92-87-5
95	benzidine-based-dyes	Benzidine-based Dyes	Benzidine-based Dyes, CAS Number: None
96	benzodiazepines	Benzodiazepines	Benzodiazepines, CAS Number: None
97	benzofuran	Benzofuran	Benzofuran, CAS Number: 271-89-6
98	benzophenone	Benzophenone	Benzophenone, CAS Number: 119-61-9
99	benzotrichloride	Benzotrichloride	Benzotrichloride, CAS Number: 98-07-7
100	benzoapyrene	Benzo[a]pyrene	Benzo[a]pyrene, CAS Number: 50-32-8
101	benzobfluoranthene	Benzo[b]fluoranthene	Benzo[b]fluoranthene, CAS Number: 205-99-2
102	benzojfluoranthene	Benzo[j]fluoranthene	Benzo[j]fluoranthene, CAS Number: 205-82-3
103	benzokfluoranthene	Benzo[k]fluoranthene	Benzo[k]fluoranthene, CAS Number: 207-08-9
104	benzphetamine-hydrochloride	Benzphetamine Hydrochloride	Benzphetamine Hydrochloride, CAS Number: 5411-22-3
105	benzyl-acetate	Benzyl Acetate	Benzyl Acetate, CAS Number: 140-11-4
106	benzyl-chloride	Benzyl Chloride	Benzyl Chloride, CAS Number: 100-44-7
107	benzyl-violet-4b	Benzyl Violet 4B	Benzyl Violet 4B, CAS Number: 1694-09-3
108	beryllium	Beryllium	Beryllium, CAS Number: 7440-41-7
111	betel-quid-with-tobacco	Betel quid with tobacco	Betel quid with tobacco, CAS Number: None
112	betel-quid-without-tobacco	Betel quid without tobacco	Betel quid without tobacco, CAS Number: None
113	bevacizumab	Bevacizumab	Bevacizumab, CAS Number: 216974-75-3
114	bevacizumab	Bevacizumab	Bevacizumab, CAS Number: 216974-75-3
116	bis2-chloro-1-methylethylether-technical-grade	Bis(2-chloro-1-methylethyl)ether, Technical Grade	Bis(2-chloro-1-methylethyl)ether, Technical Grade, CAS Number: None
117	bis2-chloroethyl-ether	Bis(2-chloroethyl) Ether	Bis(2-chloroethyl) Ether, CAS Number: 111-44-4
118	bis2-chloromethyl-ether	Bis(2-chloromethyl) Ether	Bis(2-chloromethyl) Ether, CAS Number: 542-88-1
119	22-bisbromomethyl-13-propanediol	2,2-Bis(bromomethyl)-1,3-propanediol	2,2-Bis(bromomethyl)-1,3-propanediol, CAS Number: 3296-90-0
120	bischloroethyl-nitrosourea-bcnu	Bischloroethyl Nitrosourea (BCNU)	Bischloroethyl Nitrosourea (BCNU), CAS Number: 154-93-8
121	bisphenol-a	Bisphenol-A	Bisphenol-A, CAS Number: 80-05-7
122	bitumens-extracts-of-steam-refined-and-air-refined	Bitumens, extracts of steam-refined and air refined	Bitumens, extracts of steam-refined and air refined, CAS Number: None
123	boric-acid	Boric acid	Boric acid, CAS Number: 10043-35-3
124	bracken-fern	Bracken Fern	Bracken Fern, CAS Number: None
126	bromacil-lithium-salt	Bromacil Lithium Salt	Bromacil Lithium Salt, CAS Number: 53404-19-6
127	bromate	Bromate	Bromate, CAS Number: 15541-45-4
128	bromochloroacetic-acid	Bromochloroacetic Acid	Bromochloroacetic Acid, CAS Number: 5589-96-8
129	bromodichloroacetic-acid	Bromodichloroacetic acid	Bromodichloroacetic acid, CAS Number: 71133-14-7
130	bromodichloromethane	Bromodichloromethane	Bromodichloromethane, CAS Number: 75-27-4
131	bromoethane	Bromoethane	Bromoethane, CAS Number: 74-96-4
132	bromoform	Bromoform	Bromoform, CAS Number: 75-25-2
133	1-bromopropane	1-Bromopropane	1-Bromopropane, CAS Number: 106-94-5
134	2-bromopropane	2-Bromopropane	2-Bromopropane, CAS Number: 75-26-3
135	bromoxynil	Bromoxynil	Bromoxynil, CAS Number: 1689-84-5
136	bromoxynil-octanoate	Bromoxynil Octanoate	Bromoxynil Octanoate, CAS Number: 1689-99-2
137	butabarbital-sodium	Butabarbital Sodium	Butabarbital Sodium, CAS Number: 143-81-7
138	13-butadiene	1,3-Butadiene	1,3-Butadiene, CAS Number: 106-99-0
139	14-butanediol-dimethanesulfonate	1,4-Butanediol Dimethanesulfonate	1,4-Butanediol Dimethanesulfonate, CAS Number: 55-98-1
140	24-d-butoxyethanol-ester	2,4-D Butoxyethanol Ester	2,4-D Butoxyethanol Ester, CAS Number: 1929-73-3
141	butyl-benzyl-phthalate	Butyl Benzyl Phthalate	Butyl Benzyl Phthalate, CAS Number: 85-68-7
142	245-t-butyl-ester	2,4,5-T Butyl Ester	2,4,5-T Butyl Ester, CAS Number: 93-79-8
143	24-d-n-butyl-ester	2,4-D n-Butyl Ester	2,4-D n-Butyl Ester, CAS Number: 94-80-4
144	n-butyl-glycidyl-ether	n-Butyl glycidyl ether	n-Butyl glycidyl ether, CAS Number: 8/6/2426
145	butylated-hydroxyanisole	Butylated Hydroxyanisole	Butylated Hydroxyanisole, CAS Number: 25013-16-5
146	24-d-butyric-acid	2,4-D Butyric Acid	2,4-D Butyric Acid, CAS Number: 94-82-6
147	beta-butyrolactone	beta-Butyrolactone	beta-Butyrolactone, CAS Number: 3068-88-0
148	c.i.-acid-red-114	C.I. Acid Red 114	C.I. Acid Red 114, CAS Number: 6459-94-5
149	c.i.-basic-red-9-monohydrochloride	C.I. Basic Red 9 Monohydrochloride	C.I. Basic Red 9 Monohydrochloride, CAS Number: 569-61-9
150	c.i.-direct-blue-15	C.I. Direct Blue 15	C.I. Direct Blue 15, CAS Number: 2429-74-5
151	c.i.-direct-blue-218	C.I. Direct Blue 218	C.I. Direct Blue 218, CAS Number: 28407-37-6
152	c.i.-disperse-yellow-3	C.I. Disperse Yellow 3	C.I. Disperse Yellow 3, CAS Number: 2832-40-8
153	c.i.-solvent-yellow-14	C.I. Solvent Yellow 14	C.I. Solvent Yellow 14, CAS Number: 842-07-9
154	cacodylic-acid	Cacodylic Acid	Cacodylic Acid, CAS Number: 75-60-5
155	cadmium	Cadmium	Cadmium, CAS Number: 7440-43-9
156	caffeic-acid	Caffeic Acid	Caffeic Acid, CAS Number: 331-39-5
157	caffeine	Caffeine	Caffeine, CAS Number: 58-08-2
159	captafol	Captafol	Captafol, CAS Number: 6/1/2425
160	captan	Captan	Captan, CAS Number: 133-06-2
161	carbamazepine	Carbamazepine	Carbamazepine, CAS Number: 298-46-4
162	carbaryl	Carbaryl	Carbaryl, CAS Number: 63-25-2
163	carbazole	Carbazole	Carbazole, CAS Number: 86-74-8
165	carbon-black-airborne-unbound-particles-of-respirable-size	Carbon black (airborne, unbound particles of respirable size)	Carbon black (airborne, unbound particles of respirable size), CAS Number: 1333-86-4
166	carbon-dioxide	Carbon dioxide	Carbon dioxide, CAS Number: 124-38-9
167	carbon-disulfide	Carbon Disulfide	Carbon Disulfide, CAS Number: 75-15-0
168	carbon-monoxide	Carbon Monoxide	Carbon Monoxide, CAS Number: 630-08-0
169	carbon-tetrachloride	Carbon Tetrachloride	Carbon Tetrachloride, CAS Number: 56-23-5
170	carbon-black-extracts	Carbon-Black Extracts	Carbon-Black Extracts, CAS Number: None
172	carboplatin	Carboplatin	Carboplatin, CAS Number: 41575-94-4
173	n-carboxymethyl-n-nitrosourea	n-Carboxymethyl-n-Nitrosourea	n-Carboxymethyl-n-Nitrosourea, CAS Number: 60391-92-6
174	catechol	Catechol	Catechol, CAS Number: 120-80-9
175	ceramic-fibers-airborne-particles-of-respirable-size	Ceramic fibers (airborne particles of respirable size)	Ceramic fibers (airborne particles of respirable size), CAS Number: None
176	cerivastatin-sodium	Cerivastatin Sodium	Cerivastatin Sodium, CAS Number: 143201-11-0
177	certain-combined-chemotherapy-for-lymphomas	Certain combined chemotherapy for lymphomas	Certain combined chemotherapy for lymphomas, CAS Number: None
178	chenodiol	Chenodiol	Chenodiol, CAS Number: 474-25-9
179	chloral	Chloral	Chloral, CAS Number: 75-87-6
180	chloral-hydrate	Chloral Hydrate	Chloral Hydrate, CAS Number: 302-17-0
181	chloramben	Chloramben	Chloramben, CAS Number: 133-90-4
182	chlorambucil	Chlorambucil	Chlorambucil, CAS Number: 305-03-3
183	chloramphenicol	Chloramphenicol	Chloramphenicol, CAS Number: 56-75-7
184	chloramphenicol-sodium-succinate	Chloramphenicol Sodium Succinate	Chloramphenicol Sodium Succinate, CAS Number: 982-57-0
187	chlorcyclizine-hydrochloride	Chlorcyclizine Hydrochloride	Chlorcyclizine Hydrochloride, CAS Number: 1620-21-9
188	chlordane	Chlordane	Chlordane, CAS Number: 57-74-9
189	chlordecone	Chlordecone	Chlordecone, CAS Number: 143-50-0
190	chlordiazepoxide	Chlordiazepoxide	Chlordiazepoxide, CAS Number: 58-25-3
191	chlordiazepoxide-hydrochloride	Chlordiazepoxide Hydrochloride	Chlordiazepoxide Hydrochloride, CAS Number: 438-41-5
192	chlordimeform	Chlordimeform	Chlordimeform, CAS Number: 6164-98-3
193	chlorendic-acid	Chlorendic Acid	Chlorendic Acid, CAS Number: 115-28-6
194	chlorinated-paraffins-avg.-chain-length-c12;-approx.-60-percent-chlorine-by-weight	Chlorinated paraffins (Avg. chain length C12; approx. 60 percent chlorine by weight)	Chlorinated paraffins (Avg. chain length C12; approx. 60 percent chlorine by weight), CAS Number: 108171-26-2
198	chlornapazine	Chlornapazine	Chlornapazine, CAS Number: 494-03-1
199	3-chloro-2-methylpropene	3-Chloro-2-methylpropene	3-Chloro-2-methylpropene, CAS Number: 563-47-3
200	2-chloro-46-diamino-135-triazine	2-Chloro-4,6-diamino-1,3,5-triazine	2-Chloro-4,6-diamino-1,3,5-triazine, CAS Number: 3397-62-4
201	1-chloro-4-nitrobenzene	1-Chloro-4-nitrobenzene	1-Chloro-4-nitrobenzene, CAS Number: 100-00-5
202	p-chloro-o-toluidine	p-Chloro-o-toluidine	p-Chloro-o-toluidine, CAS Number: 95-69-2
203	5-chloro-o-toluidine-and-its-strong-acid-salts	5-Chloro-o-toluidine and its strong acid salts	5-Chloro-o-toluidine and its strong acid salts, CAS Number: None
205	p-chloro-o-toluidine-strong-acid-salts-of	p-Chloro-o-toluidine, strong acid salts of	p-Chloro-o-toluidine, strong acid salts of, CAS Number: None
206	4-chloro-ortho-phenylenediamine	4-Chloro-ortho-phenylenediamine	4-Chloro-ortho-phenylenediamine, CAS Number: 95-83-0
207	p-chloro-î±î±î±-trifluorotoluene-para-chlorobenzo-trifluoride-pcbtf	p-Chloro-Î±,Î±,Î±-trifluorotoluene (para-Chlorobenzo trifluoride, PCBTF)	p-Chloro-Î±,Î±,Î±-trifluorotoluene (para-Chlorobenzo trifluoride, PCBTF), CAS Number: 98-56-6
208	chloroacetaldehyde	Chloroacetaldehyde	Chloroacetaldehyde, CAS Number: 107-20-0
209	p-chloroaniline	p-Chloroaniline	p-Chloroaniline, CAS Number: 106-47-8
210	p-chloroaniline-hydrochloride	p-Chloroaniline Hydrochloride	p-Chloroaniline Hydrochloride, CAS Number: 20265-96-7
213	chloroethane-ethyl-chloride	Chloroethane (Ethyl Chloride)	Chloroethane (Ethyl Chloride), CAS Number: 75-00-3
214	1-2-chloroethyl-3-4-methylcyclohexyl-1-nitrosourea	1-(2-Chloroethyl)-3-(4-methylcyclohexyl)-1-nitrosourea	1-(2-Chloroethyl)-3-(4-methylcyclohexyl)-1-nitrosourea, CAS Number: 13909-09-6
215	1-2-chloroethyl-3-cyclohexyl-1-nitrosourea-ccnu-lomustine	1-(2-Chloroethyl)-3-cyclohexyl-1-nitrosourea (CCNU) (Lomustine)	1-(2-Chloroethyl)-3-cyclohexyl-1-nitrosourea (CCNU) (Lomustine), CAS Number: 13010-47-4
216	chlorofluoromethane	Chlorofluoromethane	Chlorofluoromethane, CAS Number: 593-70-4
217	chloroform	Chloroform	Chloroform, CAS Number: 67-66-3
218	chloromethyl-methyl-ether-technical-grade	Chloromethyl Methyl Ether (Technical Grade)	Chloromethyl Methyl Ether (Technical Grade), CAS Number: 107-30-2
219	2-chloronitrobenzene	2 Chloronitrobenzene	2 Chloronitrobenzene, CAS Number: 88 73 3
221	chloroprene	Chloroprene	Chloroprene, CAS Number: 126-99-8
222	2-chloropropionic-acid	2-Chloropropionic Acid	2-Chloropropionic Acid, CAS Number: 598-78-7
223	chlorothalonil	Chlorothalonil	Chlorothalonil, CAS Number: 1897-45-6
225	chlorotrianisene	Chlorotrianisene	Chlorotrianisene, CAS Number: 569-57-3
226	chlorozotocin	Chlorozotocin	Chlorozotocin, CAS Number: 54749-90-5
227	chlorpyrifos	Chlorpyrifos	Chlorpyrifos, CAS Number: 2921-88-2
228	chlorsulfuron	Chlorsulfuron	Chlorsulfuron, CAS Number: 64902-72-3
231	chromium-hexavalent	Chromium-hexavalent	Chromium-hexavalent, CAS Number: 18540-29-9
232	chrysene	Chrysene	Chrysene, CAS Number: 218-01-9
233	ciclosporin	Ciclosporin	Ciclosporin, CAS Number: 59865-13-3; 79217-60-0
234	cidofovir	Cidofovir	Cidofovir, CAS Number: 113852-37-2
235	cinnamyl-anthranilate	Cinnamyl Anthranilate	Cinnamyl Anthranilate, CAS Number: 87-29-6
236	cisplatin	Cisplatin	Cisplatin, CAS Number: 15663-27-1
237	citrus-red-no.-2	Citrus Red No. 2	Citrus Red No. 2, CAS Number: 6358-53-8
238	cladribine	Cladribine	Cladribine, CAS Number: 4291-63-8
239	clarithromycin	Clarithromycin	Clarithromycin, CAS Number: 81103-11-9
240	clobetasol-propionate	Clobetasol Propionate	Clobetasol Propionate, CAS Number: 25122-46-7
241	clodinafop-propargyl	Clodinafop-Propargyl	Clodinafop-Propargyl, CAS Number: 105512-06-9
242	clofibrate	Clofibrate	Clofibrate, CAS Number: 637-07-0
243	clomiphene-and-its-salts	Clomiphene and its salts	Clomiphene and its salts, CAS Number: 911-45-5
244	clomiphene-citrate	Clomiphene Citrate	Clomiphene Citrate, CAS Number: 50-41-9
245	clorazepate-dipotassium	Clorazepate Dipotassium	Clorazepate Dipotassium, CAS Number: 57109-90-7
246	cobalt-ii-oxide	Cobalt (II) Oxide	Cobalt (II) Oxide, CAS Number: 1307-96-6
247	cobalt-metal-powder	Cobalt Metal Powder	Cobalt Metal Powder, CAS Number: 7440-48-4
248	cobalt-sulfate	Cobalt Sulfate	Cobalt Sulfate, CAS Number: 10124-43-3
249	cobalt-sulfate-heptahydrate	Cobalt Sulfate Heptahydrate	Cobalt Sulfate Heptahydrate, CAS Number: 10026-24-1
250	cocaine	Cocaine	Cocaine, CAS Number: 50-36-2
251	coconut-oil-diethanolamine-condensate-cocamide-diethanolamine	Coconut oil diethanolamine condensate (cocamide diethanolamine)	Coconut oil diethanolamine condensate (cocamide diethanolamine), CAS Number: None
252	codeine-phosphate	Codeine Phosphate	Codeine Phosphate, CAS Number: 52-28-8
253	coke-oven-emissions	Coke Oven Emissions	Coke Oven Emissions, CAS Number: None
254	colchicine	Colchicine	Colchicine, CAS Number: 64-86-8
255	conjugated-estrogens	Conjugated Estrogens	Conjugated Estrogens, CAS Number: None
258	coumarin	Coumarin	Coumarin, CAS Number: 91-64-5
260	creosotes	Creosotes	Creosotes, CAS Number: None
261	p-cresidine	p-Cresidine	p-Cresidine, CAS Number: 120-71-8
263	cumene	Cumene	Cumene, CAS Number: 98-82-8
264	cupferron	Cupferron	Cupferron, CAS Number: 135-20-6
265	cyanazine	Cyanazine	Cyanazine, CAS Number: 21725-46-2
266	cyanide	Cyanide	Cyanide, CAS Number: 57-12-5
267	cycasin	Cycasin	Cycasin, CAS Number: 14901-08-7
268	cycloate	Cycloate	Cycloate, CAS Number: 1134-23-2
269	cyclohexanol	Cyclohexanol	Cyclohexanol, CAS Number: 108-93-0
270	cycloheximide	Cycloheximide	Cycloheximide, CAS Number: 66-81-9
271	cyclopentacdpyrene	Cyclopenta[cd]pyrene	Cyclopenta[cd]pyrene, CAS Number: 27208-37-3
272	cyclophosphamide-anhydrous	Cyclophosphamide (Anhydrous)	Cyclophosphamide (Anhydrous), CAS Number: 50-18-0
273	cyclophosphamide-hydrated	Cyclophosphamide (Hydrated)	Cyclophosphamide (Hydrated), CAS Number: 6055-19-2
274	cyhexatin	Cyhexatin	Cyhexatin, CAS Number: 13121-70-5
276	cytarabine	Cytarabine	Cytarabine, CAS Number: 147-94-4
277	cytembena	Cytembena	Cytembena, CAS Number: 21739-91-3
278	d&c-orange-no.-17	D&C Orange No. 17	D&C Orange No. 17, CAS Number: 3468-63-1
279	d&c-red-no.-19	D&C Red No. 19	D&C Red No. 19, CAS Number: 81-88-9
280	d&c-red-no.-8	D&C Red No. 8	D&C Red No. 8, CAS Number: 2092-56-0
281	d&c-red-no.-9	D&C Red No. 9	D&C Red No. 9, CAS Number: 2/1/5160
282	dacarbazine	Dacarbazine	Dacarbazine, CAS Number: 3/4/4342
284	daminozide	Daminozide	Daminozide, CAS Number: 1596-84-5
285	danazol	Danazol	Danazol, CAS Number: 17230-88-5
286	dantron	Dantron	Dantron, CAS Number: 117-10-2
287	daunomycin	Daunomycin	Daunomycin, CAS Number: 20830-81-3
288	daunorubicin-hydrochloride	Daunorubicin Hydrochloride	Daunorubicin Hydrochloride, CAS Number: 23541-50-6
289	op'-ddt	o,p'-DDT	o,p'-DDT, CAS Number: 789-02-6
291	delta-89-isomer-of-avermectin-b1	Delta-8,9-isomer of Avermectin B1	Delta-8,9-isomer of Avermectin B1, CAS Number: None
292	deltamethrin	Deltamethrin	Deltamethrin, CAS Number: 52918-63-5
293	demeclocycline-hydrochloride	Demeclocycline Hydrochloride	Demeclocycline Hydrochloride, CAS Number: 64-73-3
295	di2-ethylhexylphthalate	Di(2-ethylhexyl)phthalate	Di(2-ethylhexyl)phthalate, CAS Number: 117-81-7
296	di-isodecyl-phthalate-didp	Di-isodecyl Phthalate (DIDP)	Di-isodecyl Phthalate (DIDP), CAS Number: 68515-49-1; 26761-40-0
297	di-n-butyl-phthalate	Di-n-butyl Phthalate	Di-n-butyl Phthalate, CAS Number: 84-74-2
298	di-n-hexyl-phthalate-dnhp	Di-n-hexyl Phthalate (DnHP)	Di-n-hexyl Phthalate (DnHP), CAS Number: 84-75-3
299	di-n-propyl-isocinchomeronate	Di-n-propyl Isocinchomeronate	Di-n-propyl Isocinchomeronate, CAS Number: 136-45-8
300	nn'-diacetylbenzidine	N,N'-Diacetylbenzidine	N,N'-Diacetylbenzidine, CAS Number: 613-35-4
301	24-diaminoanisole	2,4-Diaminoanisole	2,4-Diaminoanisole, CAS Number: 615-05-4
302	24-diaminoanisole-sulfate	2,4-Diaminoanisole Sulfate	2,4-Diaminoanisole Sulfate, CAS Number: 39156-41-7
303	44-diaminodiphenyl-ether	4,4-Diaminodiphenyl Ether	4,4-Diaminodiphenyl Ether, CAS Number: 101-80-4
304	24-diaminotoluene	2,4-Diaminotoluene	2,4-Diaminotoluene, CAS Number: 95-80-7
305	diaminotoluene-mixed	Diaminotoluene (Mixed)	Diaminotoluene (Mixed), CAS Number: None
306	o-dianisidine	o-Dianisidine	o-Dianisidine, CAS Number: 119-90-4
307	diazepam	Diazepam	Diazepam, CAS Number: 439-14-5
308	diazoaminobenzene	Diazoaminobenzene	Diazoaminobenzene, CAS Number: 136-35-6
309	diazoxide	Diazoxide	Diazoxide, CAS Number: 364-98-7
310	dibenzanthracenes	Dibenzanthracenes	Dibenzanthracenes, CAS Number: None
311	dibenzoaepyrene	Dibenzo[a,e]pyrene	Dibenzo[a,e]pyrene, CAS Number: 192-65-4
312	dibenzoahpyrene	Dibenzo[a,h]pyrene	Dibenzo[a,h]pyrene, CAS Number: 189-64-0
313	dibenzoaipyrene	Dibenzo[a,i]pyrene	Dibenzo[a,i]pyrene, CAS Number: 189-55-9
314	dibenzoalpyrene	Dibenzo[a,l]pyrene	Dibenzo[a,l]pyrene, CAS Number: 191-30-0
315	7h-dibenzocgcarbazole	7H-dibenzo[c,g]carbazole	7H-dibenzo[c,g]carbazole, CAS Number: 194-59-2
316	dibenzacanthracene	Dibenz[a,c]anthracene	Dibenz[a,c]anthracene, CAS Number: 215-58-7
317	dibenzahacridine	Dibenz[a,h]acridine	Dibenz[a,h]acridine, CAS Number: 226-36-8
318	dibenzahanthracene	Dibenz[a,h]anthracene	Dibenz[a,h]anthracene, CAS Number: 53-70-3
319	dibenzajacridine	Dibenz[a,j]acridine	Dibenz[a,j]acridine, CAS Number: 224-42-0
320	dibenzajanthracene	Dibenz[a,j]anthracene	Dibenz[a,j]anthracene, CAS Number: 224-41-9
321	23-dibromo-1-propanol	2,3-Dibromo-1-propanol	2,3-Dibromo-1-propanol, CAS Number: 96-13-9
322	12-dibromo-3-chloropropane	1,2-Dibromo-3-chloropropane	1,2-Dibromo-3-chloropropane, CAS Number: 96-12-8
323	dibromoacetic-acid	Dibromoacetic Acid	Dibromoacetic Acid, CAS Number: 631-64-1
324	dibromoacetonitrile	Dibromoacetonitrile	Dibromoacetonitrile, CAS Number: 3252-43-5
325	dibromochloromethane	Dibromochloromethane	Dibromochloromethane, CAS Number: 124-48-1
326	12-dibromoethane	1,2-Dibromoethane	1,2-Dibromoethane, CAS Number: 106-93-4
327	dicamba	Dicamba	Dicamba, CAS Number: 1918-00-9
328	24-dichloro-1-nitrobenzene	2,4-Dichloro-1-Nitrobenzene	2,4-Dichloro-1-Nitrobenzene, CAS Number: 611-06-3
329	14-dichloro-2-butene	1,4-Dichloro-2-butene	1,4-Dichloro-2-butene, CAS Number: 764-41-0
330	14-dichloro-2-nitrobenzene	1,4-Dichloro-2-Nitrobenzene	1,4-Dichloro-2-Nitrobenzene, CAS Number: 89-61-2
331	13-dichloro-2-propanol	1,3-Dichloro-2-propanol	1,3-Dichloro-2-propanol, CAS Number: 96-23-1
332	33'-dichloro-44'-diamino-diphenyl-ether	3,3'-Dichloro-4,4'-diamino-diphenyl Ether	3,3'-Dichloro-4,4'-diamino-diphenyl Ether, CAS Number: 28434-86-8
333	dichloroacetic-acid	Dichloroacetic Acid	Dichloroacetic Acid, CAS Number: 79-43-6
335	14-dichlorobenzene	1,4-Dichlorobenzene	1,4-Dichlorobenzene, CAS Number: 106-46-7
336	33-dichlorobenzidine	3,3-Dichlorobenzidine	3,3-Dichlorobenzidine, CAS Number: 91-94-1
337	33'-dichlorobenzidine-dihydrochloride	3,3'-Dichlorobenzidine Dihydrochloride	3,3'-Dichlorobenzidine Dihydrochloride, CAS Number: 612-83-9
338	dichlorodiphenyldichloroethane-ddd	Dichlorodiphenyldichloroethane (DDD)	Dichlorodiphenyldichloroethane (DDD), CAS Number: 72-54-8
339	dichlorodiphenyldichloroethylene-dde	Dichlorodiphenyldichloroethylene (DDE)	Dichlorodiphenyldichloroethylene (DDE), CAS Number: 72-55-9
340	dichlorodiphenyltrichloroethane-ddt	Dichlorodiphenyltrichloroethane (DDT)	Dichlorodiphenyltrichloroethane (DDT), CAS Number: 50-29-3
341	11-dichloroethane	1,1-Dichloroethane	1,1-Dichloroethane, CAS Number: 75-34-3
342	12-dichloroethane	1,2-Dichloroethane	1,2-Dichloroethane, CAS Number: 107-06-2
343	11-dichloroethylene	1,1-Dichloroethylene	1,1-Dichloroethylene, CAS Number: 75-35-4
346	dichlorophene	Dichlorophene	Dichlorophene, CAS Number: 97-23-4
348	12-dichloropropane	1,2-Dichloropropane	1,2-Dichloropropane, CAS Number: 78-87-5
349	13-dichloropropene	1,3-Dichloropropene	1,3-Dichloropropene, CAS Number: 542-75-6
350	dichlorphenamide	Dichlorphenamide	Dichlorphenamide, CAS Number: 120-97-8
351	dichlorprop	Dichlorprop	Dichlorprop, CAS Number: 120-36-5
352	dichlorvos	Dichlorvos	Dichlorvos, CAS Number: 62-73-7
353	diclofop-methyl	Diclofop Methyl	Diclofop Methyl, CAS Number: 51338-27-3
355	dicumarol	Dicumarol	Dicumarol, CAS Number: 66-76-2
356	dieldrin	Dieldrin	Dieldrin, CAS Number: 60-57-1
357	dienestrol	Dienestrol	Dienestrol, CAS Number: 84-17-3
358	diepoxybutane	Diepoxybutane	Diepoxybutane, CAS Number: 1464-53-5
359	diesel-exhaust-particulate	Diesel Exhaust Particulate	Diesel Exhaust Particulate, CAS Number: None
360	diethanolamine	Diethanolamine	Diethanolamine, CAS Number: 111-42-2
361	diethyl-sulfate	Diethyl Sulfate	Diethyl Sulfate, CAS Number: 64-67-5
363	12-diethylhydrazine	1,2-Diethylhydrazine	1,2-Diethylhydrazine, CAS Number: 1615-80-1
364	diethylstilbestrol	Diethylstilbestrol	Diethylstilbestrol, CAS Number: 56-53-1
365	diflunisal	Diflunisal	Diflunisal, CAS Number: 22494-42-4
366	diglycidyl-ether	Diglycidyl ether	Diglycidyl ether, CAS Number: 7/5/2238
367	diglycidyl-resorcinol-ether	Diglycidyl Resorcinol Ether	Diglycidyl Resorcinol Ether, CAS Number: 101-90-6
368	dihydroergotamine-mesylate	Dihydroergotamine Mesylate	Dihydroergotamine Mesylate, CAS Number: 6190-39-2
369	dihydrosafrole	Dihydrosafrole	Dihydrosafrole, CAS Number: 94-58-6
370	diisononyl-phthalate	Diisononyl Phthalate	Diisononyl Phthalate, CAS Number: None
371	diisopropyl-sulfate	Diisopropyl Sulfate	Diisopropyl Sulfate, CAS Number: 10/6/2973
372	diltiazem-hydrochloride	Diltiazem Hydrochloride	Diltiazem Hydrochloride, CAS Number: 33286-22-5
373	33-dimethlybenzidine-dihydrochloride	3,3-Dimethlybenzidine Dihydrochloride	3,3-Dimethlybenzidine Dihydrochloride, CAS Number: 612-82-8
374	dimethoate	Dimethoate	Dimethoate, CAS Number: 60-51-5
375	33-dimethoxybenzidine-dihydrochloride	3,3-Dimethoxybenzidine Dihydrochloride	3,3-Dimethoxybenzidine Dihydrochloride, CAS Number: 20325-40-0
376	33'-dimethoxybenzidine-based-dyes-metabolized-to-33'-dimethoxybenzidine	3,3'-Dimethoxybenzidine-based dyes metabolized to 3,3'-dimethoxybenzidine	3,3'-Dimethoxybenzidine-based dyes metabolized to 3,3'-dimethoxybenzidine, CAS Number: None
377	dimethyl-chlorothiophosphate	Dimethyl chlorothiophosphate	Dimethyl chlorothiophosphate, CAS Number: 2524-03-0
378	dimethyl-sulfate	Dimethyl Sulfate	Dimethyl Sulfate, CAS Number: 77-78-1
379	26-dimethyl-n-nitrosomorpholine	2,6-Dimethyl-N-nitrosomorpholine	2,6-Dimethyl-N-nitrosomorpholine, CAS Number: 1456-28-6
380	nn-dimethyl-p-toluidine	N,N-Dimethyl-p-toluidine	N,N-Dimethyl-p-toluidine, CAS Number: 99-97-8
381	nn-dimethylacetamide	N,N-Dimethylacetamide	N,N-Dimethylacetamide, CAS Number: 127-19-5
382	24-d-dimethylamine-salt	2,4-D Dimethylamine Salt	2,4-D Dimethylamine Salt, CAS Number: 2008-39-1
383	4-dimethylaminoazobenzene	4-Dimethylaminoazobenzene	4-Dimethylaminoazobenzene, CAS Number: 60-11-7
384	712-dimethylbenzaanthracene	7,12-Dimethylbenz(a)anthracene	7,12-Dimethylbenz(a)anthracene, CAS Number: 57-97-6
385	33-dimethylbenzidine	3,3-Dimethylbenzidine	3,3-Dimethylbenzidine, CAS Number: 119-93-7
386	33'-dimethylbenzidine-based-dyes-metabolized-to-33'-dimethylbenzidine	3,3'-Dimethylbenzidine-based dyes metabolized to 3,3'-dimethylbenzidine	3,3'-Dimethylbenzidine-based dyes metabolized to 3,3'-dimethylbenzidine, CAS Number: None
387	dimethylcarbamoyl-chloride	Dimethylcarbamoyl Chloride	Dimethylcarbamoyl Chloride, CAS Number: 79-44-7
388	dimethylformamide	Dimethylformamide	Dimethylformamide, CAS Number: 68-12-2
389	11-dimethylhydrazine	1,1-Dimethylhydrazine	1,1-Dimethylhydrazine, CAS Number: 57-14-7
390	12-dimethylhydrazine	1,2-Dimethylhydrazine	1,2-Dimethylhydrazine, CAS Number: 540-73-8
391	dimethylvinylchloride	Dimethylvinylchloride	Dimethylvinylchloride, CAS Number: 513-37-1
392	m-dinitrobenzene	m-Dinitrobenzene	m-Dinitrobenzene, CAS Number: 99-65-0
393	o-dinitrobenzene	o-Dinitrobenzene	o-Dinitrobenzene, CAS Number: 528-29-0
394	p-dinitrobenzene	p-Dinitrobenzene	p-Dinitrobenzene, CAS Number: 100-25-4
395	37-dinitrofluoranthene	3,7-Dinitrofluoranthene	3,7-Dinitrofluoranthene, CAS Number: 105735-71-5
396	39-dinitrofluoranthene	3,9-Dinitrofluoranthene	3,9-Dinitrofluoranthene, CAS Number: 22506-53-2
397	13-dinitropyrene	1,3-Dinitropyrene	1,3-Dinitropyrene, CAS Number: 75321-20-9
398	16-dinitropyrene	1,6-Dinitropyrene	1,6-Dinitropyrene, CAS Number: 42397-64-8
399	18-dinitropyrene	1,8-Dinitropyrene	1,8-Dinitropyrene, CAS Number: 42397-65-9
400	24-dinitrotoluene	2,4-Dinitrotoluene	2,4-Dinitrotoluene, CAS Number: 121-14-2
401	26-dinitrotoluene	2,6-Dinitrotoluene	2,6-Dinitrotoluene, CAS Number: 606-20-2
402	dinitrotoluene-technical-grade	Dinitrotoluene (Technical Grade)	Dinitrotoluene (Technical Grade), CAS Number: None
403	dinitrotoluene-mixture-24-and-26	Dinitrotoluene Mixture (2,4 and 2,6)	Dinitrotoluene Mixture (2,4 and 2,6), CAS Number: None
404	dinocap	Dinocap	Dinocap, CAS Number: 39300-45-3
405	dinoseb	Dinoseb	Dinoseb, CAS Number: 88-85-7
406	14-dioxane	1,4-Dioxane	1,4-Dioxane, CAS Number: 123-91-1
407	diphenylhydantoin	Diphenylhydantoin	Diphenylhydantoin, CAS Number: 57-41-0
408	diphenylhydantoin-phenytoin-sodium-salt	Diphenylhydantoin (Phenytoin), Sodium Salt	Diphenylhydantoin (Phenytoin), Sodium Salt, CAS Number: 630-93-3
411	direct-black-38-technical-grade	Direct Black 38 (Technical Grade)	Direct Black 38 (Technical Grade), CAS Number: 1937-37-7
412	direct-blue-6-technical-grade	Direct Blue 6 (Technical Grade)	Direct Blue 6 (Technical Grade), CAS Number: 2602-46-2
413	direct-brown-95-technical-grade	Direct Brown 95 (Technical Grade)	Direct Brown 95 (Technical Grade), CAS Number: 16071-86-6
414	disodium-cyanodithioimidocarbonate	Disodium Cyanodithioimidocarbonate	Disodium Cyanodithioimidocarbonate, CAS Number: 138-93-2
415	disperse-blue-1-technical-grade	Disperse Blue 1 (Technical Grade)	Disperse Blue 1 (Technical Grade), CAS Number: 2475-45-8
416	diuron	Diuron	Diuron, CAS Number: 330-54-1
417	doxorubicin-hydrochloride	Doxorubicin Hydrochloride	Doxorubicin Hydrochloride, CAS Number: 25316-40-9
418	doxycycline	Doxycycline	Doxycycline, CAS Number: 564-25-0
419	doxycycline-calcium	Doxycycline Calcium	Doxycycline Calcium, CAS Number: 94088-85-4
420	doxycycline-hyclate	Doxycycline Hyclate	Doxycycline Hyclate, CAS Number: 24390-14-5
421	doxycycline-monohydrate	Doxycycline Monohydrate	Doxycycline Monohydrate, CAS Number: 17086-28-1
422	emissions-from-combustion-of-coal	Emissions from combustion of coal	Emissions from combustion of coal, CAS Number: None
423	emissions-from-high-temperature-unrefined-rapeseed-oil	Emissions from high-temperature unrefined rapeseed oil	Emissions from high-temperature unrefined rapeseed oil, CAS Number: None
426	endrin	Endrin	Endrin, CAS Number: 72-20-8
427	environmental-tobacco-smoke-ets	Environmental Tobacco Smoke (ETS)	Environmental Tobacco Smoke (ETS), CAS Number: None
428	epichlorohydrin	Epichlorohydrin	Epichlorohydrin, CAS Number: 106-89-8
429	epoxiconazole	Epoxiconazole	Epoxiconazole, CAS Number: 135319-73-2
430	12-epoxybutane	1,2-Epoxybutane	1,2-Epoxybutane, CAS Number: 106-88-7
431	ergotamine-tartrate	Ergotamine Tartrate	Ergotamine Tartrate, CAS Number: 379-79-3
432	erionite	Erionite	Erionite, CAS Number: 12510-42-8; 66733-21-9
433	estradiol-17b	Estradiol 17B	Estradiol 17B, CAS Number: 50-28-2
434	estragole	Estragole	Estragole, CAS Number: 140-67-0
435	estrogen-progestogen-combined	Estrogen-Progestogen (Combined)	Estrogen-Progestogen (Combined), CAS Number: None
436	estrogens-steroidal	Estrogens, Steroidal	Estrogens, Steroidal, CAS Number: None
437	estrone	Estrone	Estrone, CAS Number: 53-16-7
438	estropipate	Estropipate	Estropipate, CAS Number: 7280-37-7
439	ethinylestradiol	Ethinylestradiol	Ethinylestradiol, CAS Number: 57-63-6
440	ethionamide	Ethionamide	Ethionamide, CAS Number: 536-33-4
441	ethoprop	Ethoprop	Ethoprop, CAS Number: 13194-48-4
442	ethyl-acrylate	Ethyl Acrylate	Ethyl Acrylate, CAS Number: 140-88-5
443	ethyl-alcohol-in-alcoholic-beverages	Ethyl alcohol in alcoholic beverages	Ethyl alcohol in alcoholic beverages, CAS Number: None
444	ethyl-dipropylthiocarbamate	Ethyl Dipropylthiocarbamate	Ethyl Dipropylthiocarbamate, CAS Number: 759-94-4
445	ethyl-methanesulfonate	Ethyl Methanesulfonate	Ethyl Methanesulfonate, CAS Number: 62-50-0
446	ethyl-4-4'-dichlorobenzilate	Ethyl-4-4'-dichlorobenzilate	Ethyl-4-4'-dichlorobenzilate, CAS Number: 510-15-6
447	24-d-2-ethyl-4-methylpentyl-ester	2,4-D 2-Ethyl-4-Methylpentyl Ester	2,4-D 2-Ethyl-4-Methylpentyl Ester, CAS Number: 53404-37-8; 25168-26-7
448	ethyl-tert-butyl-ether	Ethyl-tert-butyl ether	Ethyl-tert-butyl ether, CAS Number: 637-92-3
449	ethylbenzene	Ethylbenzene	Ethylbenzene, CAS Number: 100-41-4
450	ethylene-glycol	Ethylene Glycol	Ethylene Glycol, CAS Number: 107-21-1
452	ethylene-glycol-monoethyl-ether	Ethylene Glycol Monoethyl Ether	Ethylene Glycol Monoethyl Ether, CAS Number: 110-80-5
453	ethylene-glycol-monoethyl-ether-acetate	Ethylene Glycol Monoethyl Ether Acetate	Ethylene Glycol Monoethyl Ether Acetate, CAS Number: 111-15-9
454	ethylene-glycol-monomethyl-ether	Ethylene Glycol Monomethyl Ether	Ethylene Glycol Monomethyl Ether, CAS Number: 109-86-4
455	ethylene-glycol-monomethyl-ether-acetate	Ethylene Glycol Monomethyl Ether Acetate	Ethylene Glycol Monomethyl Ether Acetate, CAS Number: 110-49-6
456	ethylene-oxide	Ethylene Oxide	Ethylene Oxide, CAS Number: 75-21-8
457	ethylene-thiourea	Ethylene Thiourea	Ethylene Thiourea, CAS Number: 96-45-7
458	ethyleneimine	Ethyleneimine	Ethyleneimine, CAS Number: 151-56-4
459	2-ethylhexanoic-acid	2-Ethylhexanoic acid	2-Ethylhexanoic acid, CAS Number: 149-57-5
460	24-d-2-ethylhexyl-ester	2,4-D 2-Ethylhexyl Ester	2,4-D 2-Ethylhexyl Ester, CAS Number: 1928-43-4
461	etodolac	Etodolac	Etodolac, CAS Number: 41340-25-4
462	etoposide	Etoposide	Etoposide, CAS Number: 33419-42-0
463	etoposide-in-combination-with-cisplatin-and-bleomycin	Etoposide in combination with cisplatin and bleomycin	Etoposide in combination with cisplatin and bleomycin, CAS Number: None
464	etretinate	Etretinate	Etretinate, CAS Number: 54350-48-0
465	famciclovir	Famciclovir	Famciclovir, CAS Number: 104227-87-4
466	felodipine	Felodipine	Felodipine, CAS Number: 72509-76-3
467	fenbutatin-oxide	Fenbutatin oxide	Fenbutatin oxide, CAS Number: 13356-08-6
468	fenoxaprop-ethyl	Fenoxaprop Ethyl	Fenoxaprop Ethyl, CAS Number: 66441-23-4
469	fenoxycarb	Fenoxycarb	Fenoxycarb, CAS Number: 72490-01-8
471	filgrastim	Filgrastim	Filgrastim, CAS Number: 121181-53-1
472	fluazifop-butyl	Fluazifop Butyl	Fluazifop Butyl, CAS Number: 69806-50-4
473	flunisolide	Flunisolide	Flunisolide, CAS Number: 3/3/3385
474	fluoride	Fluoride	Fluoride, CAS Number: 16984-48-8
475	fluorouracil	Fluorouracil	Fluorouracil, CAS Number: 51-21-8
476	fluoxymesterone	Fluoxymesterone	Fluoxymesterone, CAS Number: 76-43-7
477	flurazepam-hydrochloride	Flurazepam Hydrochloride	Flurazepam Hydrochloride, CAS Number: 1172-18-5
478	flurbiprofen	Flurbiprofen	Flurbiprofen, CAS Number: 5104-49-4
479	flutamide	Flutamide	Flutamide, CAS Number: 13311-84-7
480	fluticasone-propionate	Fluticasone Propionate	Fluticasone Propionate, CAS Number: 80474-14-2
481	fluvalinate	Fluvalinate	Fluvalinate, CAS Number: 69409-94-5
482	fluvastatin-sodium	Fluvastatin sodium	Fluvastatin sodium, CAS Number: 93957-55-2
483	folpet	Folpet	Folpet, CAS Number: 133-07-3
484	formaldehyde	Formaldehyde	Formaldehyde, CAS Number: 50-00-0
485	formamide	Formamide	Formamide, CAS Number: 75-12-7
486	fumonisin-b1	Fumonisin B1	Fumonisin B1, CAS Number: 116355-83-0
487	furaltadone	Furaltadone	Furaltadone, CAS Number: 139-91-3
488	furan	Furan	Furan, CAS Number: 110-00-9
489	furathiazole	Furathiazole	Furathiazole, CAS Number: 531-82-8
490	furazolidone	Furazolidone	Furazolidone, CAS Number: 67-45-8
491	furfural	Furfural	Furfural, CAS Number: 98-01-1
492	furfuryl-alcohol	Furfuryl Alcohol	Furfuryl Alcohol, CAS Number: 98-00-0
493	furidiazine	Furidiazine	Furidiazine, CAS Number: 712-68-5
494	furmecyclox	Furmecyclox	Furmecyclox, CAS Number: 60568-05-0
495	furylfuramide	Furylfuramide	Furylfuramide, CAS Number: 3688-53-7
496	fusarin-c	Fusarin C	Fusarin C, CAS Number: 79748-81-5
497	gallium-arsenide	Gallium Arsenide	Gallium Arsenide, CAS Number: 1303-00-0
498	ganciclovir	Ganciclovir	Ganciclovir, CAS Number: 82410-32-0
499	ganciclovir-sodium	Ganciclovir Sodium	Ganciclovir Sodium, CAS Number: 107910-75-8
500	gasoline-engine-exhaust-condensates/extracts	Gasoline engine exhaust (condensates/extracts)	Gasoline engine exhaust (condensates/extracts), CAS Number: None
501	gemfibrozil	Gemfibrozil	Gemfibrozil, CAS Number: 25812-30-0
502	gentian-violet	Gentian Violet	Gentian Violet, CAS Number: 548-62-9
503	glass-wool-fibers-inhalable-and-biopersistent	Glass wool fibers (inhalable and biopersistent)	Glass wool fibers (inhalable and biopersistent), CAS Number: None
504	glu-p-1-2-amino-6-methyldipyrido1-2-a:3'-2'-dimidazole	Glu-P-1 (2-Amino-6-methyldipyrido[1-2-a:3'-2'-d]imidazole)	Glu-P-1 (2-Amino-6-methyldipyrido[1-2-a:3'-2'-d]imidazole), CAS Number: 67730-11-4
505	glu-p-2-2-aminodipyrido12-a:3'2'-dimidazole	Glu-P-2 (2-Aminodipyrido[1,2-a:3',2'-d]imidazole)	Glu-P-2 (2-Aminodipyrido[1,2-a:3',2'-d]imidazole), CAS Number: 67730-10-3
507	glycidaldehyde	Glycidaldehyde	Glycidaldehyde, CAS Number: 765-34-4
508	glycidol	Glycidol	Glycidol, CAS Number: 556-52-5
509	glyphosate	Glyphosate	Glyphosate, CAS Number: 1071-83-6
510	goldenseal-root-powder	Goldenseal root powder	Goldenseal root powder, CAS Number: None
511	goserelin-acetate	Goserelin Acetate	Goserelin Acetate, CAS Number: 65807-02-5
512	griseofulvin	Griseofulvin	Griseofulvin, CAS Number: 126-07-8
515	gyromitrin	Gyromitrin	Gyromitrin, CAS Number: 16568-02-8
516	halazepam	Halazepam	Halazepam, CAS Number: 23092-17-3
517	halobetasol-propionate	Halobetasol Propionate	Halobetasol Propionate, CAS Number: 66852-54-8
518	haloperidol	Haloperidol	Haloperidol, CAS Number: 52-86-8
519	halothane	Halothane	Halothane, CAS Number: 151-67-7
520	hc-blue-1	HC Blue 1	HC Blue 1, CAS Number: 2784-94-3
521	heptachlor	Heptachlor	Heptachlor, CAS Number: 76-44-8
522	heptachlor-epoxide	Heptachlor Epoxide	Heptachlor Epoxide, CAS Number: 1024-57-3
526	herbal-remedies-containing-plant-species-of-the-genus-aristolochia	Herbal remedies containing plant species of the genus Aristolochia	Herbal remedies containing plant species of the genus Aristolochia, CAS Number: None
527	hexachlorobenzene	Hexachlorobenzene	Hexachlorobenzene, CAS Number: 118-74-1
528	hexachlorobutadiene	Hexachlorobutadiene	Hexachlorobutadiene, CAS Number: 87-68-3
529	hexachlorocyclohexane-technical-grade	Hexachlorocyclohexane (Technical Grade)	Hexachlorocyclohexane (Technical Grade), CAS Number: 608-73-1
537	hexachlorodibenzo-p-dioxin	Hexachlorodibenzo-p-dioxin	Hexachlorodibenzo-p-dioxin, CAS Number: 34465-46-8
542	hexachloroethane	Hexachloroethane	Hexachloroethane, CAS Number: 67-72-1
543	24-hexadienal-89%-trans-trans-isomer;-11%-cis-trans-isomer	2,4-Hexadienal (89% trans, trans isomer; 11% cis, trans isomer)	2,4-Hexadienal (89% trans, trans isomer; 11% cis, trans isomer), CAS Number: None
544	hexafluoroacetone	Hexafluoroacetone	Hexafluoroacetone, CAS Number: 684-16-2
545	hexamethylphosphoramide	Hexamethylphosphoramide	Hexamethylphosphoramide, CAS Number: 680-31-9
546	n-hexane	n-Hexane	n-Hexane, CAS Number: 110-54-3
547	25-hexanedione	2,5-Hexanedione	2,5-Hexanedione, CAS Number: 110-13-4
548	histrelin-acetate	Histrelin Acetate	Histrelin Acetate, CAS Number: None
554	hydramethylnon	Hydramethylnon	Hydramethylnon, CAS Number: 67485-29-4
555	hydrazine	Hydrazine	Hydrazine, CAS Number: 302-01-2
556	hydrazine-sulfate	Hydrazine sulfate	Hydrazine sulfate, CAS Number: 10034-93-2
557	hydrazobenzene	Hydrazobenzene	Hydrazobenzene, CAS Number: 122-66-7
564	1-hydroxyanthraquinone	1-Hydroxyanthraquinone	1-Hydroxyanthraquinone, CAS Number: 129-43-1
565	hydroxyurea	Hydroxyurea	Hydroxyurea, CAS Number: 127-07-1
566	idarubicin-hydrochloride	Idarubicin Hydrochloride	Idarubicin Hydrochloride, CAS Number: 57852-57-0
567	ifosfamide	Ifosfamide	Ifosfamide, CAS Number: 3778-73-2
568	imazalil	Imazalil	Imazalil, CAS Number: 35554-44-0
570	indeno1-2-3-c-dpyrene	Indeno(1-2-3-c-d)pyrene	Indeno(1-2-3-c-d)pyrene, CAS Number: 193-39-5
571	indium-phosphide	Indium Phosphide	Indium Phosphide, CAS Number: 22398-80-7
572	iodine-131	Iodine-131	Iodine-131, CAS Number: 10043-66-0
573	iprodione	Iprodione	Iprodione, CAS Number: 36734-19-7
574	iprovalicarb	Iprovalicarb	Iprovalicarb, CAS Number: 140923-17-7; 140923-25-7
575	iq-2-amino-3-methylimidazo-4-5-fquinoline	IQ (2-Amino-3-methylimidazo-[4-5-f]quinoline)	IQ (2-Amino-3-methylimidazo-[4-5-f]quinoline), CAS Number: 76180-96-6
576	iron-dextran-complex	Iron Dextran Complex	Iron Dextran Complex, CAS Number: 9004-66-4
577	isobutyl-nitrite	Isobutyl Nitrite	Isobutyl Nitrite, CAS Number: 542-56-3
578	24-d-isooctyl-ester	2,4-D Isooctyl Ester	2,4-D Isooctyl Ester, CAS Number: 25168-26-7
580	isoprene	Isoprene	Isoprene, CAS Number: 78-79-5
582	24-d-isopropyl-ester	2,4-D Isopropyl Ester	2,4-D Isopropyl Ester, CAS Number: 94-11-1
583	isopyrazam	Isopyrazam	Isopyrazam, CAS Number: 881685-58-1
584	isosafrole	Isosafrole	Isosafrole, CAS Number: 120-58-1
585	isotretinoin	Isotretinoin	Isotretinoin, CAS Number: 4759-48-2
586	isoxaflutole	Isoxaflutole	Isoxaflutole, CAS Number: 141112-29-0
587	kresoxim-methyl	Kresoxim-methyl	Kresoxim-methyl, CAS Number: 143390-89-0
588	lactofen	Lactofen	Lactofen, CAS Number: 77501-63-4
589	lasiocarpine	Lasiocarpine	Lasiocarpine, CAS Number: 303-34-4
590	lead-acetate	Lead Acetate	Lead Acetate, CAS Number: 301-04-2
591	lead-and-lead-compounds	Lead and Lead Compounds	Lead and Lead Compounds, CAS Number: 7439-92-1
592	lead-phosphate	Lead Phosphate	Lead Phosphate, CAS Number: 7446-27-7
593	lead-subacetate	Lead Subacetate	Lead Subacetate, CAS Number: 1335-32-6
594	leather-dust	Leather Dust	Leather Dust, CAS Number: None
595	leuprolide-acetate	Leuprolide Acetate	Leuprolide Acetate, CAS Number: 74381-53-6
596	levodopa	Levodopa	Levodopa, CAS Number: 59-92-7
597	levonorgestrel-implants	Levonorgestrel Implants	Levonorgestrel Implants, CAS Number: 797-63-7
598	lindane-and-other-hexachlorocyclohexane-isomers	Lindane and other hexachlorocyclohexane isomers	Lindane and other hexachlorocyclohexane isomers, CAS Number: None
599	linuron	Linuron	Linuron, CAS Number: 330-55-2
600	lithium-carbonate	Lithium Carbonate	Lithium Carbonate, CAS Number: 554-13-2
601	lithium-citrate	Lithium Citrate	Lithium Citrate, CAS Number: 919-16-4
602	lorazepam	Lorazepam	Lorazepam, CAS Number: 846-49-1
603	lovastatin	Lovastatin	Lovastatin, CAS Number: 75330-75-5
604	lynestrenol	Lynestrenol	Lynestrenol, CAS Number: 52-76-6
605	malathion	Malathion	Malathion, CAS Number: 121-75-5
607	malonaldehyde-sodium-salt	Malonaldehyde, Sodium Salt	Malonaldehyde, Sodium Salt, CAS Number: 24382-04-5
608	mancozeb	Mancozeb	Mancozeb, CAS Number: 1/7/8018
609	maneb	Maneb	Maneb, CAS Number: 12427-38-2
611	marijuana-smoke	Marijuana Smoke	Marijuana Smoke, CAS Number: None
612	me-a-alpha-c-2-amino-3-methyl-9h-pyrido2-3-bindole	Me-A-alpha-C (2-Amino-3-methyl-9H-pyrido[2-3-b]indole)	Me-A-alpha-C (2-Amino-3-methyl-9H-pyrido[2-3-b]indole), CAS Number: 68006-83-7
613	mebendazole	Mebendazole	Mebendazole, CAS Number: 31431-39-7
614	mechlorethamine	Mechlorethamine	Mechlorethamine, CAS Number: 51-75-2
615	mechlorethamine-hydrochloride	Mechlorethamine Hydrochloride	Mechlorethamine Hydrochloride, CAS Number: 55-86-7
616	medroxyprogesterone-acetate	Medroxyprogesterone Acetate	Medroxyprogesterone Acetate, CAS Number: 71-58-9
617	megestrol-acetate	Megestrol Acetate	Megestrol Acetate, CAS Number: 595-33-5
618	meiq-2-amino-34-dimethylimidazo45-fquinoline	MeIQ (2-Amino-3,4-dimethylimidazo[4,5-f]quinoline)	MeIQ (2-Amino-3,4-dimethylimidazo[4,5-f]quinoline), CAS Number: 77094-11-2
619	meiqx-2-amino-38-dimethylimidazo45-fquinoxaline	MeIQx (2-Amino-3,8-dimethylimidazo[4,5-f]quinoxaline)	MeIQx (2-Amino-3,8-dimethylimidazo[4,5-f]quinoxaline), CAS Number: 77500-04-0
620	melphalan	Melphalan	Melphalan, CAS Number: 148-82-3
621	menotropins	Menotropins	Menotropins, CAS Number: 9002-68-0
622	mepanipyrim	Mepanipyrim	Mepanipyrim, CAS Number: 110235-47-7
623	meprobamate	Meprobamate	Meprobamate, CAS Number: 57-53-4
624	2-mercaptobenzothiazole	2-Mercaptobenzothiazole	2-Mercaptobenzothiazole, CAS Number: 149-30-4
625	mercaptopurine	Mercaptopurine	Mercaptopurine, CAS Number: 6112-76-1
626	mercury-inorganic	Mercury (Inorganic)	Mercury (Inorganic), CAS Number: 7439-97-6
627	merphalan	Merphalan	Merphalan, CAS Number: 531-76-0
628	mestranol	Mestranol	Mestranol, CAS Number: 72-33-3
629	metam-potassium	Metam Potassium	Metam Potassium, CAS Number: 137-41-7
630	methacycline-hydrochloride	Methacycline Hydrochloride	Methacycline Hydrochloride, CAS Number: 3963-95-9
631	metham-sodium	Metham Sodium	Metham Sodium, CAS Number: 137-42-8
634	methanol	Methanol	Methanol, CAS Number: 67-56-1
635	methazole	Methazole	Methazole, CAS Number: 20354-26-1
637	methimazole	Methimazole	Methimazole, CAS Number: 60-56-0
639	methotrexate	Methotrexate	Methotrexate, CAS Number: 59-05-2
640	methotrexate-sodium	Methotrexate Sodium	Methotrexate Sodium, CAS Number: 15475-56-6
642	5-methoxypsoralen-with-ultraviolet-a-therapy	5-Methoxypsoralen with ultraviolet A therapy	5-Methoxypsoralen with ultraviolet A therapy, CAS Number: 484-20-8
643	8-methoxypsoralen-with-ultraviolet-a-therapy	8-Methoxypsoralen with ultraviolet A therapy	8-Methoxypsoralen with ultraviolet A therapy, CAS Number: 298-81-7
644	methyl-bromide	Methyl Bromide	Methyl Bromide, CAS Number: 74-83-9
645	methyl-carbamate	Methyl Carbamate	Methyl Carbamate, CAS Number: 598-55-0
646	methyl-chloride	Methyl Chloride	Methyl Chloride, CAS Number: 74-87-3
648	methyl-iodide	Methyl Iodide	Methyl Iodide, CAS Number: 74-88-4
649	methyl-isobutyl-ketone	Methyl Isobutyl Ketone	Methyl Isobutyl Ketone, CAS Number: 108-10-1
650	methyl-isocyanate	Methyl Isocyanate	Methyl Isocyanate, CAS Number: 624-83-9
651	methyl-isopropyl-ketone	Methyl isopropyl ketone	Methyl isopropyl ketone, CAS Number: 563-80-4
653	methyl-methanesulfonate	Methyl Methanesulfonate	Methyl Methanesulfonate, CAS Number: 66-27-3
654	methyl-n-butyl-ketone	Methyl n-Butyl Ketone	Methyl n-Butyl Ketone, CAS Number: 591-78-6
656	methyl-tertiary-butyl-ether	Methyl Tertiary Butyl Ether	Methyl Tertiary Butyl Ether, CAS Number: 1634-04-4
657	2-methyl-1-nitroanthraquinone-of-uncertain-purity	2-Methyl-1-nitroanthraquinone (of uncertain purity)	2-Methyl-1-nitroanthraquinone (of uncertain purity), CAS Number: 129-15-7
658	n-methyl-n-nitro-n-nitrosoguanidine	n-Methyl-n-Nitro-n-Nitrosoguanidine	n-Methyl-n-Nitro-n-Nitrosoguanidine, CAS Number: 70-25-7
659	methylazoxymethanol	Methylazoxymethanol	Methylazoxymethanol, CAS Number: 590-96-5
660	methylazoxymethanol-acetate	Methylazoxymethanol Acetate	Methylazoxymethanol Acetate, CAS Number: 592-62-1
661	3-methylcholanthrene	3-Methylcholanthrene	3-Methylcholanthrene, CAS Number: 56-49-5
662	5-methylchrysene	5-Methylchrysene	5-Methylchrysene, CAS Number: 3697-24-3
663	44'-methylene-bis2-chloroaniline	4,4'-Methylene bis(2-chloroaniline)	4,4'-Methylene bis(2-chloroaniline), CAS Number: 101-14-4
664	44'-methylene-bis2-methylaniline	4,4'-Methylene bis(2-methylaniline)	4,4'-Methylene bis(2-methylaniline), CAS Number: 838-88-0
665	methylene-chloride-dichloromethane	Methylene Chloride (Dichloromethane)	Methylene Chloride (Dichloromethane), CAS Number: 75-09-2
667	44-methylenedianiline	4,4-Methylenedianiline	4,4-Methylenedianiline, CAS Number: 101-77-9
668	44'-methylenedianiline-dihydrochloride	4,4'-Methylenedianiline Dihydrochloride	4,4'-Methylenedianiline Dihydrochloride, CAS Number: 13552-44-8
669	methyleugenol	Methyleugenol	Methyleugenol, CAS Number: 93-15-2
670	methylhydrazine	Methylhydrazine	Methylhydrazine, CAS Number: None
672	2-methylimidazole	2-Methylimidazole	2-Methylimidazole, CAS Number: 693-98-1
673	4-methylimidazole	4-Methylimidazole	4-Methylimidazole, CAS Number: 822-36-6
674	methylmercury-and-methylmercury-compounds	Methylmercury and methylmercury compounds	Methylmercury and methylmercury compounds, CAS Number: 22967-92-6
675	n-methylolacrylamide	n-Methylolacrylamide	n-Methylolacrylamide, CAS Number: 924-42-5
676	methylphenidate-and-its-hydrochloride	Methylphenidate and its hydrochloride	Methylphenidate and its hydrochloride, CAS Number: None
677	n-methylpyrrolidone	n-Methylpyrrolidone	n-Methylpyrrolidone, CAS Number: 872-50-4
678	4-methylquinoline	4-Methylquinoline	4-Methylquinoline, CAS Number: 491-35-0
679	methyltestosterone	Methyltestosterone	Methyltestosterone, CAS Number: 58-18-4
680	methylthiouracil	Methylthiouracil	Methylthiouracil, CAS Number: 56-04-2
681	metiram	Metiram	Metiram, CAS Number: 9006-42-2
682	metofluthrin	Metofluthrin	Metofluthrin, CAS Number: 240494-70-6
684	metribuzin	Metribuzin	Metribuzin, CAS Number: 21087-64-9
685	metronidazole	Metronidazole	Metronidazole, CAS Number: 443-48-1
687	michlers-ketone	Michlers Ketone	Michlers Ketone, CAS Number: 90-94-8
688	midazolam-hydrochloride	Midazolam Hydrochloride	Midazolam Hydrochloride, CAS Number: 59467-96-8
689	minocycline-hydrochloride	Minocycline Hydrochloride	Minocycline Hydrochloride, CAS Number: 13614-98-7
690	mirex	Mirex	Mirex, CAS Number: 2385-85-5
691	misoprostol	Misoprostol	Misoprostol, CAS Number: 59122-46-2
692	mitomycin-c	Mitomycin C	Mitomycin C, CAS Number: 50-07-7
693	mitoxantrone-hydrochloride	Mitoxantrone Hydrochloride	Mitoxantrone Hydrochloride, CAS Number: 70476-82-3
694	molinate	Molinate	Molinate, CAS Number: 2212-67-1
696	mon-13900-furilazole	MON 13900 (Furilazole)	MON 13900 (Furilazole), CAS Number: 121776-33-8
697	mon-4660-dichloroacetyl-1-oxa-4-azaspiro45-decane	MON 4660 (Dichloroacetyl-1-oxa-4-azaspiro(4,5)-decane)	MON 4660 (Dichloroacetyl-1-oxa-4-azaspiro(4,5)-decane), CAS Number: 71526-07-3
698	3-monochloropropane-12-diol	3-Monochloropropane-1,2-diol	3-Monochloropropane-1,2-diol, CAS Number: 96-24-2
699	monocrotaline	Monocrotaline	Monocrotaline, CAS Number: 315-22-0
700	mopp-vincristine-prednisone-nitrogen-mustard-procarbazine-mixture	MOPP (vincristine-prednisone-nitrogen mustard-procarbazine mixture)	MOPP (vincristine-prednisone-nitrogen mustard-procarbazine mixture), CAS Number: 113803-47-7
701	mustard-gas	Mustard Gas	Mustard Gas, CAS Number: 505-60-2
702	mx-3-chloro-4-dichloromethyl5-hydroxy-2-5h-furanone	MX (3-chloro-4-(dichloromethyl)5-hydroxy-2-(5H)-furanone)	MX (3-chloro-4-(dichloromethyl)5-hydroxy-2-(5H)-furanone), CAS Number: 77439-76-0
703	myclobutanil	Myclobutanil	Myclobutanil, CAS Number: 88671-89-0
704	beta-myrcene	beta-Myrcene	beta-Myrcene, CAS Number: 123-35-3
705	nabam	Nabam	Nabam, CAS Number: 142-59-6
706	nafarelin-acetate	Nafarelin Acetate	Nafarelin Acetate, CAS Number: 86220-42-0
707	nafenopin	Nafenopin	Nafenopin, CAS Number: 3771-19-5
708	naled	Naled	Naled, CAS Number: 300-76-5
709	nalidixic-acid	Nalidixic Acid	Nalidixic Acid, CAS Number: 389-08-2
710	naphthalene	Naphthalene	Naphthalene, CAS Number: 91-20-3
711	1-naphthylamine	1-Naphthylamine	1-Naphthylamine, CAS Number: 134-32-7
712	2-naphthylamine	2-Naphthylamine	2-Naphthylamine, CAS Number: 91-59-8
713	neomycin-sulfate	Neomycin Sulfate	Neomycin Sulfate, CAS Number: 1405-10-3
714	netilmicin-sulfate	Netilmicin Sulfate	Netilmicin Sulfate, CAS Number: 56391-57-2
715	nickel-acetate	Nickel Acetate	Nickel Acetate, CAS Number: 373-02-4
716	nickel-and-nickel-compounds	Nickel and Nickel Compounds	Nickel and Nickel Compounds, CAS Number: 7440-02-0
717	nickel-carbonate	Nickel Carbonate	Nickel Carbonate, CAS Number: 3333-67-3
718	nickel-carbonyl	Nickel Carbonyl	Nickel Carbonyl, CAS Number: 13463-39-3
719	nickel-compounds	Nickel compounds	Nickel compounds, CAS Number: None
720	nickel-compounds	Nickel compounds	Nickel compounds, CAS Number: None
721	nickel-hydroxide	Nickel Hydroxide	Nickel Hydroxide, CAS Number: 12054-48-7; 12125-56-3
722	nickel-oxide	Nickel Oxide	Nickel Oxide, CAS Number: 1313-99-1
723	nickel-refinery-dust	Nickel Refinery Dust	Nickel Refinery Dust, CAS Number: None
724	nickel-subsulfide	Nickel Subsulfide	Nickel Subsulfide, CAS Number: 12035-72-2
725	nickelocene	Nickelocene	Nickelocene, CAS Number: 1271-28-9
726	nicotine	Nicotine	Nicotine, CAS Number: 54-11-5
727	nifedipine	Nifedipine	Nifedipine, CAS Number: 21829-25-4
728	nifuradene	Nifuradene	Nifuradene, CAS Number: 555-84-0
729	nifurthiazole	Nifurthiazole	Nifurthiazole, CAS Number: 3570-75-0
730	nimodipine	Nimodipine	Nimodipine, CAS Number: 66085-59-4
731	niridazole	Niridazole	Niridazole, CAS Number: 61-57-4
732	nitrapyrin	Nitrapyrin	Nitrapyrin, CAS Number: 1929-82-4
735	nitrilotriacetic-acid	Nitrilotriacetic Acid	Nitrilotriacetic Acid, CAS Number: 139-13-9
736	nitrilotriacetic-acid--trisodium-salt-monohydrate	Nitrilotriacetic Acid- Trisodium Salt Monohydrate	Nitrilotriacetic Acid- Trisodium Salt Monohydrate, CAS Number: 18662-53-8
739	nitrite-in-combination-with-amines-or-amides	Nitrite In Combination With Amines or Amides	Nitrite In Combination With Amines or Amides, CAS Number: None
740	5-nitro-o-anisidine	5-Nitro-o-anisidine	5-Nitro-o-anisidine, CAS Number: 99-59-2
741	5-nitroacenaphthene	5-Nitroacenaphthene	5-Nitroacenaphthene, CAS Number: 602-87-9
742	o-nitroanisole	o-Nitroanisole	o-Nitroanisole, CAS Number: 91-23-6
743	nitrobenzene	Nitrobenzene	Nitrobenzene, CAS Number: 98-95-3
744	4-nitrobiphenyl	4-Nitrobiphenyl	4-Nitrobiphenyl, CAS Number: 92-93-3
745	6-nitrochrysene	6-Nitrochrysene	6-Nitrochrysene, CAS Number: 2/8/7496
746	nitrofen-technical-grade	Nitrofen (Technical Grade)	Nitrofen (Technical Grade), CAS Number: 1836-75-5
747	2-nitrofluorene	2-Nitrofluorene	2-Nitrofluorene, CAS Number: 607-57-8
748	nitrofurantoin	Nitrofurantoin	Nitrofurantoin, CAS Number: 67-20-9
749	nitrofurazone	Nitrofurazone	Nitrofurazone, CAS Number: 59-87-0
751	nitrogen-mustard-n-oxide	Nitrogen Mustard N-oxide	Nitrogen Mustard N-oxide, CAS Number: 126-85-2
752	nitrogen-mustard-n-oxide-hydrochloride	Nitrogen Mustard N-oxide Hydrochloride	Nitrogen Mustard N-oxide Hydrochloride, CAS Number: 302-70-5
753	nitromethane	Nitromethane	Nitromethane, CAS Number: 75-52-5
754	2-nitropropane	2-Nitropropane	2-Nitropropane, CAS Number: 79-46-9
755	1-nitropyrene	1-Nitropyrene	1-Nitropyrene, CAS Number: 5522-43-0
756	4-nitropyrene	4-Nitropyrene	4-Nitropyrene, CAS Number: 57835-92-4
757	n-nitroso-n-ethylurea	n-Nitroso-n-Ethylurea	n-Nitroso-n-Ethylurea, CAS Number: 759-73-9
758	n-nitroso-n-methylethylamine	n-Nitroso-n-methylethylamine	n-Nitroso-n-methylethylamine, CAS Number: 10595-95-6
759	n-nitroso-n-methylurea	n-Nitroso-n-Methylurea	n-Nitroso-n-Methylurea, CAS Number: 684-93-5
760	n-nitroso-n-methylurethane	n-Nitroso-n-Methylurethane	n-Nitroso-n-Methylurethane, CAS Number: 615-53-2
761	n-nitrosodi-n-butylamine	n-Nitrosodi-n-Butylamine	n-Nitrosodi-n-Butylamine, CAS Number: 924-16-3
762	n-nitrosodi-n-propylamine	n-Nitrosodi-n-Propylamine	n-Nitrosodi-n-Propylamine, CAS Number: 621-64-7
763	n-nitrosodiethanolamine	n-Nitrosodiethanolamine	n-Nitrosodiethanolamine, CAS Number: 1116-54-7
764	n-nitrosodiethylamine	n-Nitrosodiethylamine	n-Nitrosodiethylamine, CAS Number: 55-18-5
765	n-nitrosodimethylamine	n-Nitrosodimethylamine	n-Nitrosodimethylamine, CAS Number: 62-75-9
766	n-nitrosodiphenylamine	N-Nitrosodiphenylamine	N-Nitrosodiphenylamine, CAS Number: 86-30-6
767	p-nitrosodiphenylamine	p-Nitrosodiphenylamine	p-Nitrosodiphenylamine, CAS Number: 156-10-5
768	n-nitrosohexamethyleneimine	N-Nitrosohexamethyleneimine	N-Nitrosohexamethyleneimine, CAS Number: 932-83-2
769	n-nitrosomethyl-n-butylamine	N-Nitrosomethyl-n-butylamine	N-Nitrosomethyl-n-butylamine, CAS Number: 7068-83-9
770	n-nitrosomethyl-n-decylamine	N-Nitrosomethyl-n-decylamine	N-Nitrosomethyl-n-decylamine, CAS Number: 75881-22-0
771	n-nitrosomethyl-n-dodecylamine	N-Nitrosomethyl-n-dodecylamine	N-Nitrosomethyl-n-dodecylamine, CAS Number: 55090-44-3
772	n-nitrosomethyl-n-heptylamine	N-Nitrosomethyl-n-heptylamine	N-Nitrosomethyl-n-heptylamine, CAS Number: 16338-99-1
773	n-nitrosomethyl-n-hexylamine	N-Nitrosomethyl-n-hexylamine	N-Nitrosomethyl-n-hexylamine, CAS Number: 28538-70-7
774	n-nitrosomethyl-n-nonylamine	N-Nitrosomethyl-n-nonylamine	N-Nitrosomethyl-n-nonylamine, CAS Number: 75881-19-5
775	n-nitrosomethyl-n-octylamine	N-Nitrosomethyl-n-octylamine	N-Nitrosomethyl-n-octylamine, CAS Number: 34423-54-6
776	n-nitrosomethyl-n-pentylamine	N-Nitrosomethyl-n-pentylamine	N-Nitrosomethyl-n-pentylamine, CAS Number: 13256-07-0
777	n-nitrosomethyl-n-propylamine	N-Nitrosomethyl-n-propylamine	N-Nitrosomethyl-n-propylamine, CAS Number: 924-46-9
778	n-nitrosomethyl-n-tetradecylamine	N-Nitrosomethyl-n-tetradecylamine	N-Nitrosomethyl-n-tetradecylamine, CAS Number: 75881-20-8
779	n-nitrosomethyl-n-undecylamine	N-Nitrosomethyl-n-undecylamine	N-Nitrosomethyl-n-undecylamine, CAS Number: 68107-26-6
780	3-n-nitrosomethylamino-propionitrile	3-(N-Nitrosomethylamino) propionitrile	3-(N-Nitrosomethylamino) propionitrile, CAS Number: 60153-49-3
781	4-n-nitrosomethylamino-13-pyridyl-1-butanone	4-(n-nitrosomethylamino)-1(3-pyridyl)-1-butanone	4-(n-nitrosomethylamino)-1(3-pyridyl)-1-butanone, CAS Number: 64091-91-4
782	n-nitrosomethylvinylamine	N-Nitrosomethylvinylamine	N-Nitrosomethylvinylamine, CAS Number: 4549-40-0
783	n-nitrosomorpholine	n-Nitrosomorpholine	n-Nitrosomorpholine, CAS Number: 59-89-2
784	n-nitrosonornicotine	n-Nitrosonornicotine	n-Nitrosonornicotine, CAS Number: 16543-55-8
785	n-nitrosopiperidine	n-Nitrosopiperidine	n-Nitrosopiperidine, CAS Number: 100-75-4
786	n-nitrosopyrrolidine	n-Nitrosopyrrolidine	n-Nitrosopyrrolidine, CAS Number: 930-55-2
787	n-nitrososarcosine	N-Nitrososarcosine	N-Nitrososarcosine, CAS Number: 13256-22-9
788	o-nitrotoluene	o-Nitrotoluene	o-Nitrotoluene, CAS Number: 88-72-2
789	nitrous-oxide	Nitrous Oxide	Nitrous Oxide, CAS Number: 10024-97-2
790	norethisterone	Norethisterone	Norethisterone, CAS Number: 68-22-4
791	norethisterone-norethindrone-/ethinyl-estradiol	Norethisterone (Norethindrone) /Ethinyl Estradiol	Norethisterone (Norethindrone) /Ethinyl Estradiol, CAS Number: 68-22-4; 57-63-6
792	norethisterone-norethindrone-/mestranol	Norethisterone (Norethindrone) /Mestranol	Norethisterone (Norethindrone) /Mestranol, CAS Number: 68-22-4; 72-33-3
793	norethisterone-acetate-norethindrone-acetate	Norethisterone Acetate (Norethindrone Acetate)	Norethisterone Acetate (Norethindrone Acetate), CAS Number: 51-98-9
794	norethynodrel	Norethynodrel	Norethynodrel, CAS Number: 68-23-5
795	norgestrel	Norgestrel	Norgestrel, CAS Number: 6533-00-2
796	ochratoxin-a	Ochratoxin A	Ochratoxin A, CAS Number: 303-47-9
799	oil-orange-ss	Oil Orange SS	Oil Orange SS, CAS Number: 2646-17-5
801	oral-contraceptives-combined	Oral Contraceptives, Combined	Oral Contraceptives, Combined, CAS Number: None
802	oral-contraceptives-sequential	Oral Contraceptives, Sequential	Oral Contraceptives, Sequential, CAS Number: None
803	oryzalin	Oryzalin	Oryzalin, CAS Number: 19044-88-3
804	oxadiazon	Oxadiazon	Oxadiazon, CAS Number: 19666-30-9
806	oxazepam	Oxazepam	Oxazepam, CAS Number: 604-75-1
807	pp'-oxybisbenzenesulfonyl-hydrazide	p,p'-oxybis(benzenesulfonyl hydrazide)	p,p'-oxybis(benzenesulfonyl hydrazide), CAS Number: 80-51-3
808	oxydemeton-methyl	Oxydemeton Methyl	Oxydemeton Methyl, CAS Number: 301-12-2
809	oxymetholone	Oxymetholone	Oxymetholone, CAS Number: 434-07-1
810	oxytetracycline	Oxytetracycline	Oxytetracycline, CAS Number: 79-57-2
811	oxytetracycline-hydrochloride	Oxytetracycline Hydrochloride	Oxytetracycline Hydrochloride, CAS Number: 2058-46-0
812	oxythioquinox	Oxythioquinox	Oxythioquinox, CAS Number: 1/2/2439
814	paclitaxel	Paclitaxel	Paclitaxel, CAS Number: 33069-62-4
816	palygorskite-fibers->-5âµm-in-length	Palygorskite fibers (> 5Âµm in length)	Palygorskite fibers (> 5Âµm in length), CAS Number: 12174-11-7
817	panfuran-s	Panfuran S	Panfuran S, CAS Number: 794-93-4
818	para-nitroanisole	Para-Nitroanisole	Para-Nitroanisole, CAS Number: 100-17-4
819	paramethadione	Paramethadione	Paramethadione, CAS Number: 115-67-3
821	parathion	Parathion	Parathion, CAS Number: 56-38-2
828	penicillamine	Penicillamine	Penicillamine, CAS Number: 52-67-5
829	pentabromodiphenyl-ether-mixture-de-71-technical-grade	Pentabromodiphenyl ether mixture [DE-71 (technical grade)]	Pentabromodiphenyl ether mixture [DE-71 (technical grade)], CAS Number: None
833	pentachlorophenol	Pentachlorophenol	Pentachlorophenol, CAS Number: 87-86-5
834	pentachlorophenol-and-by-products-of-its-synthesis-complex-mixture	Pentachlorophenol and by-products of its synthesis (complex mixture)	Pentachlorophenol and by-products of its synthesis (complex mixture), CAS Number: None
835	pentobarbital-sodium	Pentobarbital Sodium	Pentobarbital Sodium, CAS Number: 57-33-0
836	pentosan-polysulfate-sodium	Pentosan Polysulfate Sodium	Pentosan Polysulfate Sodium, CAS Number: None
837	pentostatin	Pentostatin	Pentostatin, CAS Number: 53910-25-1
838	perchlorate	Perchlorate	Perchlorate, CAS Number: 14797-73-0
839	perfluorooctane-sulfonate--pfos	Perfluorooctane Sulfonate  (PFOS)	Perfluorooctane Sulfonate  (PFOS), CAS Number: 2795-39-3
840	perfluorooctanoic-acid-pfoa	Perfluorooctanoic Acid (PFOA)	Perfluorooctanoic Acid (PFOA), CAS Number: 335-67-1
842	pertuzumab	Pertuzumab	Pertuzumab, CAS Number: 380610-27-5
843	phenacemide	Phenacemide	Phenacemide, CAS Number: 63-98-9
844	phenacetin	Phenacetin	Phenacetin, CAS Number: 62-44-2
845	phenazopyridine	Phenazopyridine	Phenazopyridine, CAS Number: 94-78-0
846	phenazopyridine-hydrochloride	Phenazopyridine Hydrochloride	Phenazopyridine Hydrochloride, CAS Number: 136-40-3
847	phenelzine-and-its-acid-salts	Phenelzine and its acid salts	Phenelzine and its acid salts, CAS Number: None
848	phenesterin	Phenesterin	Phenesterin, CAS Number: 10/9/3546
849	phenobarbital	Phenobarbital	Phenobarbital, CAS Number: 50-06-6
850	phenol	Phenol	Phenol, CAS Number: 108-95-2
851	phenolphthalein	Phenolphthalein	Phenolphthalein, CAS Number: 77-09-8
852	phenoxybenzamine	Phenoxybenzamine	Phenoxybenzamine, CAS Number: 59-96-1
853	phenoxybenzamine-hydrochloride	Phenoxybenzamine Hydrochloride	Phenoxybenzamine Hydrochloride, CAS Number: 63-92-3
854	phenprocoumon	Phenprocoumon	Phenprocoumon, CAS Number: 435-97-2
855	phenyl-glycidyl-ether	Phenyl Glycidyl Ether	Phenyl Glycidyl Ether, CAS Number: 122-60-1
856	o-phenylenediamine-and-its-salts	o-Phenylenediamine and its salts	o-Phenylenediamine and its salts, CAS Number: 95-54-5
858	phenylhydrazine	Phenylhydrazine	Phenylhydrazine, CAS Number: None
860	o-phenylphenate-sodium	o-Phenylphenate, Sodium	o-Phenylphenate, Sodium, CAS Number: 132-27-4
861	o-phenylphenol	o-Phenylphenol	o-Phenylphenol, CAS Number: 90-43-7
862	phenylphosphine	Phenylphosphine	Phenylphosphine, CAS Number: 638-21-1
863	phip2-amino-1-methyl-6-phenylimidazol45-bpyridine	PhiP(2-Amino-1-methyl-6-phenylimidazol(4,5-b)pyridine)	PhiP(2-Amino-1-methyl-6-phenylimidazol(4,5-b)pyridine), CAS Number: 105650-23-5
869	pimozide	Pimozide	Pimozide, CAS Number: 2062-78-4
870	pioglitazone	Pioglitazone	Pioglitazone, CAS Number: 111025-46-8
871	pipobroman	Pipobroman	Pipobroman, CAS Number: 54-91-1
872	pirimicarb	Pirimicarb	Pirimicarb, CAS Number: 23103-98-2
873	plicamycin	Plicamycin	Plicamycin, CAS Number: 18378-89-7
874	poligeenan-polygeenan	Poligeenan (Polygeenan)	Poligeenan (Polygeenan), CAS Number: 53973-98-1
875	polybrominated-biphenyls	Polybrominated Biphenyls	Polybrominated Biphenyls, CAS Number: None
876	polychlorinated-biphenyls	Polychlorinated Biphenyls	Polychlorinated Biphenyls, CAS Number: 1336-36-3
877	polychlorinated-biphenyls-containing-60-or-more-percent-chlorine-by-molecular-weight	Polychlorinated biphenyls (containing 60 or more percent chlorine by molecular weight)	Polychlorinated biphenyls (containing 60 or more percent chlorine by molecular weight), CAS Number: None
878	polychlorinated-dibenzo-p-dioxins	Polychlorinated Dibenzo-p-dioxins	Polychlorinated Dibenzo-p-dioxins, CAS Number: None
879	polychlorinated-dibenzofurans	Polychlorinated Dibenzofurans	Polychlorinated Dibenzofurans, CAS Number: None
881	ponceau-3r	Ponceau 3R	Ponceau 3R, CAS Number: 9/8/3564
882	ponceau-mx	Ponceau MX	Ponceau MX, CAS Number: 3761-53-3
883	potassium-bromate	Potassium Bromate	Potassium Bromate, CAS Number: 1/2/7758
885	potassium-dimethyldithiocarbamate	Potassium Dimethyldithiocarbamate	Potassium Dimethyldithiocarbamate, CAS Number: 128-03-0
886	pravastatin-sodium	Pravastatin Sodium	Pravastatin Sodium, CAS Number: 81131-70-6
887	prednisolone-sodium-phosphate	Prednisolone Sodium Phosphate	Prednisolone Sodium Phosphate, CAS Number: 125-02-0
888	premarin	Premarin	Premarin, CAS Number: 12126-59-9
889	primidone	Primidone	Primidone, CAS Number: 125-33-7
890	procarbazine	Procarbazine	Procarbazine, CAS Number: 671-16-9
891	procarbazine-hydrochloride	Procarbazine Hydrochloride	Procarbazine Hydrochloride, CAS Number: 366-70-1
892	procymidone	Procymidone	Procymidone, CAS Number: 32809-16-8
893	progesterone	Progesterone	Progesterone, CAS Number: 57-83-0
894	pronamide	Pronamide	Pronamide, CAS Number: 23950-58-5
895	propachlor	Propachlor	Propachlor, CAS Number: 1918-16-7
896	13-propane-sultone	1,3-Propane Sultone	1,3-Propane Sultone, CAS Number: 1120-71-4
897	propargite	Propargite	Propargite, CAS Number: 2312-35-8
898	propazine	Propazine	Propazine, CAS Number: 139-40-2
900	beta-propiolactone	beta-Propiolactone	beta-Propiolactone, CAS Number: 57-57-8
901	propoxur	Propoxur	Propoxur, CAS Number: 114-26-1
904	propylene-glycol-butyl-ether-ester-of-24-d	Propylene Glycol Butyl Ether Ester (of 2,4-D)	Propylene Glycol Butyl Ether Ester (of 2,4-D), CAS Number: 1928-45-6
905	propylene-glycol-mono-t-butyl-ether	Propylene Glycol Mono-t-butyl Ether	Propylene Glycol Mono-t-butyl Ether, CAS Number: 57018-52-7
907	propylene-oxide	Propylene Oxide	Propylene Oxide, CAS Number: 75-56-9
908	propyleneimine	Propyleneimine	Propyleneimine, CAS Number: 75-55-8
909	propylthiouracil	Propylthiouracil	Propylthiouracil, CAS Number: 51-52-5
910	pulegone	Pulegone	Pulegone, CAS Number: 89-82-7
911	pymetrozine	Pymetrozine	Pymetrozine, CAS Number: 123312-89-0
912	pyrazachlor	Pyrazachlor	Pyrazachlor, CAS Number: 6814-58-0
913	pyridine	Pyridine	Pyridine, CAS Number: 110-86-1
914	pyrimethamine	Pyrimethamine	Pyrimethamine, CAS Number: 58-14-0
915	quazepam	Quazepam	Quazepam, CAS Number: 36735-22-5
916	quinoline-and-its-strong-acid-salts	Quinoline and its strong acid salts	Quinoline and its strong acid salts, CAS Number: None
917	quizalofop-ethyl	Quizalofop-ethyl	Quizalofop-ethyl, CAS Number: 76578-14-8
918	radionuclides	Radionuclides	Radionuclides, CAS Number: None
921	reserpine	Reserpine	Reserpine, CAS Number: 50-55-5
922	residual-heavy-fuel-oils	Residual (heavy) fuel oils	Residual (heavy) fuel oils, CAS Number: None
923	resmethrin	Resmethrin	Resmethrin, CAS Number: 10453-86-8
924	retinol/retinyl-esters	Retinol/Retinyl Esters	Retinol/Retinyl Esters, CAS Number: None
925	ribavirin	Ribavirin	Ribavirin, CAS Number: 36791-04-5
926	riddelliine	Riddelliine	Riddelliine, CAS Number: 23246-96-0
927	rifampin	Rifampin	Rifampin, CAS Number: 13292-46-1
929	rosuvastatin-calcium	Rosuvastatin Calcium	Rosuvastatin Calcium, CAS Number: 147098-20-2
930	saccharin	Saccharin	Saccharin, CAS Number: 81-07-2
931	safrole	Safrole	Safrole, CAS Number: 94-59-7
932	salted-fish-chinese-style	Salted fish, Chinese-style	Salted fish, Chinese-style, CAS Number: None
934	secobarbital-sodium	Secobarbital Sodium	Secobarbital Sodium, CAS Number: 309-43-3
935	sedaxane	Sedaxane	Sedaxane, CAS Number: 874967-67-6
937	selenium-sulfide	Selenium Sulfide	Selenium Sulfide, CAS Number: 7446-34-6
938	sermorelin-acetate	Sermorelin Acetate	Sermorelin Acetate, CAS Number: None
939	shale-oils	Shale-oils	Shale-oils, CAS Number: 68308-34-9
940	silica-crystalline-respirable	Silica (crystalline, respirable)	Silica (crystalline, respirable), CAS Number: None
943	simazine	Simazine	Simazine, CAS Number: 122-34-9
944	simvastatin	Simvastatin	Simvastatin, CAS Number: 79902-63-9
946	sodium-dicamba	Sodium dicamba	Sodium dicamba, CAS Number: 1982690
947	sodium-dimethyldithiocarbamate	Sodium dimethyldithiocarbamate	Sodium dimethyldithiocarbamate, CAS Number: 128-04-1
948	sodium-fluoroacetate	Sodium Fluoroacetate	Sodium Fluoroacetate, CAS Number: 62-74-8
950	sodium-nitrite	Sodium Nitrite	Sodium Nitrite, CAS Number: 7632-00-0
951	sodium-saccharin	Sodium Saccharin	Sodium Saccharin, CAS Number: 128-44-9
952	sodium-tetraborate	Sodium tetraborate	Sodium tetraborate, CAS Number: 1303-96-4
953	soots-tars-and-mineral-oils-untreated-and-mildly-treated-oils-and-used-engine-oils	Soots, tars, and mineral oils (untreated and mildly treated oils and used engine oils)	Soots, tars, and mineral oils (untreated and mildly treated oils and used engine oils), CAS Number: None
954	spirodiclofen	Spirodiclofen	Spirodiclofen, CAS Number: 148477-71-8
955	spironolactone	Spironolactone	Spironolactone, CAS Number: 52-01-7
956	stanozolol	Stanozolol	Stanozolol, CAS Number: 10418-03-8
957	sterigmatocystin	Sterigmatocystin	Sterigmatocystin, CAS Number: 10048-13-2
958	streptomycin-sulfate	Streptomycin Sulfate	Streptomycin Sulfate, CAS Number: 3810-74-0
959	streptozotocin	Streptozotocin	Streptozotocin, CAS Number: 18883-66-4
960	strong-inorganic-acid-mists-containing-sulfuric-acid	Strong inorganic acid mists containing sulfuric acid	Strong inorganic acid mists containing sulfuric acid, CAS Number: None
962	styrene	Styrene	Styrene, CAS Number: 100-42-5
963	styrene-oxide	Styrene Oxide	Styrene Oxide, CAS Number: 96-09-3
964	sulfallate	Sulfallate	Sulfallate, CAS Number: 95-06-7
965	sulfasalazine	Sulfasalazine	Sulfasalazine, CAS Number: 599-79-1
967	sulfur-dioxide	Sulfur Dioxide	Sulfur Dioxide, CAS Number: 9/5/7446
970	sulindac	Sulindac	Sulindac, CAS Number: 38194-50-2
971	sulprofos	Sulprofos	Sulprofos, CAS Number: 35400-43-2
972	talc-containing-asbestiform-fibers	Talc containing asbestiform fibers	Talc containing asbestiform fibers, CAS Number: None
973	tamoxifen-and-its-salts	Tamoxifen and its salts	Tamoxifen and its salts, CAS Number: 10540-29-1
974	tamoxifen-citrate	Tamoxifen Citrate	Tamoxifen Citrate, CAS Number: 54965-24-1
977	tebuthiuron	Tebuthiuron	Tebuthiuron, CAS Number: 34014-18-1
978	temazepam	Temazepam	Temazepam, CAS Number: 846-50-4
979	teniposide	Teniposide	Teniposide, CAS Number: 29767-20-2
980	terbacil	Terbacil	Terbacil, CAS Number: 5902-51-2
981	teriparatide	Teriparatide	Teriparatide, CAS Number: 52232-67-4
982	terrazole	Terrazole	Terrazole, CAS Number: 2593-15-9
983	tert-amyl-methyl-ether	Tert-Amyl methyl ether	Tert-Amyl methyl ether, CAS Number: 994-05-8
987	testosterone-and-its-esters	Testosterone and its esters	Testosterone and its esters, CAS Number: 58-22-0
988	testosterone-cypionate	Testosterone Cypionate	Testosterone Cypionate, CAS Number: 58-20-8
989	testosterone-enanthate	Testosterone Enanthate	Testosterone Enanthate, CAS Number: 315-37-7
990	tetrabromobisphenol-a	Tetrabromobisphenol A	Tetrabromobisphenol A, CAS Number: 79-94-7
991	33'44'-tetrachloroazobenzene	3,3',4,4'-Tetrachloroazobenzene	3,3',4,4'-Tetrachloroazobenzene, CAS Number: 14047-09-7
992	2378-tetrachlorodibenzo-p-dioxin-and-related-compounds	2,3,7,8-Tetrachlorodibenzo-p-dioxin and related compounds	2,3,7,8-Tetrachlorodibenzo-p-dioxin and related compounds, CAS Number: 1746-01-6
994	1112-tetrachloroethane	1,1,1,2-Tetrachloroethane	1,1,1,2-Tetrachloroethane, CAS Number: 630-20-6
995	1122-tetrachloroethane	1,1,2,2-Tetrachloroethane	1,1,2,2-Tetrachloroethane, CAS Number: 79-34-5
996	tetrachloroethylene	Tetrachloroethylene	Tetrachloroethylene, CAS Number: 127-18-4
997	p-aaa-tetrachlorotoluene	p-a,a,a-Tetrachlorotoluene	p-a,a,a-Tetrachlorotoluene, CAS Number: 5216-25-1
998	tetrachlorvinphos	Tetrachlorvinphos	Tetrachlorvinphos, CAS Number: 22248-79-9
999	tetraconazole	Tetraconazole	Tetraconazole, CAS Number: 112281-77-3
1000	tetracycline	Tetracycline	Tetracycline, CAS Number: 60-54-8
1001	tetracycline-hydrochloride	Tetracycline Hydrochloride	Tetracycline Hydrochloride, CAS Number: 64-75-5
1002	tetracyclines	Tetracyclines	Tetracyclines, CAS Number: None
1004	tetrafluoroethylene	Tetrafluoroethylene	Tetrafluoroethylene, CAS Number: 116-14-3
1005	tetramethyldiaminodiphenylmethane	Tetramethyldiaminodiphenylmethane	Tetramethyldiaminodiphenylmethane, CAS Number: 101-61-1
1006	tetranitromethane	Tetranitromethane	Tetranitromethane, CAS Number: 509-14-8
1007	thalidomide	Thalidomide	Thalidomide, CAS Number: 50-35-1
1009	thiabendazole	Thiabendazole	Thiabendazole, CAS Number: 148-79-8
1010	thioacetamide	Thioacetamide	Thioacetamide, CAS Number: 62-55-5
1012	44'-thiodianiline	4,4'-Thiodianiline	4,4'-Thiodianiline, CAS Number: 139-65-1
1013	thiodicarb	Thiodicarb	Thiodicarb, CAS Number: 59669-26-0
1014	thioguanine	Thioguanine	Thioguanine, CAS Number: 154-42-7
1015	thiophanate-methyl	Thiophanate Methyl	Thiophanate Methyl, CAS Number: 23564-05-8
1016	thiouracil	Thiouracil	Thiouracil, CAS Number: 141-90-2
1017	thiourea	Thiourea	Thiourea, CAS Number: 62-56-6
1018	thorium-dioxide	Thorium Dioxide	Thorium Dioxide, CAS Number: 1314-20-1
1019	titanium-dioxide-airborne-unbound-particles-of-respirable-size	Titanium dioxide (airborne, unbound particles of respirable size)	Titanium dioxide (airborne, unbound particles of respirable size), CAS Number: None
1020	tobacco-smoke	Tobacco Smoke	Tobacco Smoke, CAS Number: None
1021	tobacco-smoke-primary	Tobacco Smoke (Primary)	Tobacco Smoke (Primary), CAS Number: None
1022	tobacco-oral-use-of-smokeless-products	Tobacco, oral use of smokeless products	Tobacco, oral use of smokeless products, CAS Number: None
1023	tobramycin-sulfate	Tobramycin Sulfate	Tobramycin Sulfate, CAS Number: 49842-07-1
1024	toluene	Toluene	Toluene, CAS Number: 108-88-3
1025	toluene-diisocyanates	Toluene Diisocyanates	Toluene Diisocyanates, CAS Number: 26471-62-5
1027	o-toluidine	o-Toluidine	o-Toluidine, CAS Number: 95-53-4
1028	p-toluidine	p-Toluidine	p-Toluidine, CAS Number: 106-49-0
1029	o-toluidine-hydrochloride	o-Toluidine Hydrochloride	o-Toluidine Hydrochloride, CAS Number: 636-21-5
1030	topiramate	Topiramate	Topiramate, CAS Number: 97240-79-4
1031	toxaphene	Toxaphene	Toxaphene, CAS Number: 8001-35-2
1032	toxins-derived-from-fusarium-moniliforme-fusarium-verticillioides	Toxins derived from Fusarium moniliforme (Fusarium verticillioides)	Toxins derived from Fusarium moniliforme (Fusarium verticillioides), CAS Number: None
1034	trans-2dimethylamino-methylimino-5-2-5-nitro-2-furyl-vinyl-1-3-4-oxadiazole	trans-2[(Dimethylamino)-methylimino]-5-[2-(5-nitro-2-furyl)-vinyl]-1-3-4-oxadiazole	trans-2[(Dimethylamino)-methylimino]-5-[2-(5-nitro-2-furyl)-vinyl]-1-3-4-oxadiazole, CAS Number: 55738-54-0
1035	treosulfan	Treosulfan	Treosulfan, CAS Number: 299-75-2
1036	triadimefon	Triadimefon	Triadimefon, CAS Number: 43121-43-3
1037	triamterene	Triamterene	Triamterene, CAS Number: 396-01-0
1038	triazolam	Triazolam	Triazolam, CAS Number: 28911-01-5
1039	sss-tributyl-phosphorotrithioate	S,S,S-Tributyl Phosphorotrithioate	S,S,S-Tributyl Phosphorotrithioate, CAS Number: 78-48-8
1040	tributyltin-methacrylate	Tributyltin Methacrylate	Tributyltin Methacrylate, CAS Number: 2155-70-6
1041	trichlormethine	Trichlormethine	Trichlormethine, CAS Number: 817-09-4
1042	trichloroacetic-acid	Trichloroacetic Acid	Trichloroacetic Acid, CAS Number: 76-03-9
1043	124-trichlorobenzene	1,2,4-Trichlorobenzene	1,2,4-Trichlorobenzene, CAS Number: 120-82-1
1045	112-trichloroethane	1,1,2-Trichloroethane	1,1,2-Trichloroethane, CAS Number: 79-00-5
1046	trichloroethylene	Trichloroethylene	Trichloroethylene, CAS Number: 79-01-6
1048	246-trichlorophenol	2,4,6-Trichlorophenol	2,4,6-Trichlorophenol, CAS Number: 88-06-2
1050	123-trichloropropane	1,2,3-Trichloropropane	1,2,3-Trichloropropane, CAS Number: 96-18-4
1052	trientine-hydrochloride	Trientine Hydrochloride	Trientine Hydrochloride, CAS Number: 38260-01-4
1054	triforine	Triforine	Triforine, CAS Number: 26644-46-2
1055	135-triglycidyl-s-triazinetrione	1,3,5-triglycidyl-s-triazinetrione	1,3,5-triglycidyl-s-triazinetrione, CAS Number: 2451-62-9
1056	trilostane	Trilostane	Trilostane, CAS Number: 13647-35-3
1057	trim-vx	TRIM VX	TRIM VX, CAS Number: None
1058	trimethadione	Trimethadione	Trimethadione, CAS Number: 127-48-0
1059	trimethyl-phosphate	Trimethyl Phosphate	Trimethyl Phosphate, CAS Number: 512-56-1
1060	245-trimethylaniline-and-its-strong-acid-salts	2,4,5-Trimethylaniline and its strong acid salts	2,4,5-Trimethylaniline and its strong acid salts, CAS Number: None
1063	trimetrexate-glucuronate	Trimetrexate Glucuronate	Trimetrexate Glucuronate, CAS Number: 82952-64-5
1064	246-trinitrotoluene	2,4,6-Trinitrotoluene	2,4,6-Trinitrotoluene, CAS Number: 118-96-7
1065	triphenyltin-hydroxide	Triphenyltin Hydroxide	Triphenyltin Hydroxide, CAS Number: 76-87-9
1066	tris13-dichloro-2-propyl-phosphate-tdcpp	Tris(1,3-dichloro-2-propyl) Phosphate (TDCPP)	Tris(1,3-dichloro-2-propyl) Phosphate (TDCPP), CAS Number: 13674-87-8
1067	tris1-aziridinylphosphine-sulfide	Tris(1-aziridinyl)phosphine Sulfide	Tris(1-aziridinyl)phosphine Sulfide, CAS Number: 52-24-4
1068	tris2-3-dibromopropylphosphate	Tris(2-3-dibromopropyl)phosphate	Tris(2-3-dibromopropyl)phosphate, CAS Number: 126-72-7
1069	tris2-chloroethyl-phosphate	Tris(2-chloroethyl) Phosphate	Tris(2-chloroethyl) Phosphate, CAS Number: 115-96-8
1070	trisaziridinyl-p-benzoquinone-triaziquone	Tris(aziridinyl)-p-benzoquinone (Triaziquone)	Tris(aziridinyl)-p-benzoquinone (Triaziquone), CAS Number: 68-76-8
1072	trp-p-1-tryptophan-p-1	Trp-P-1 (Tryptophan-P-1)	Trp-P-1 (Tryptophan-P-1), CAS Number: 62450-06-0
1073	trp-p-2-tryptophan-p-2	Trp-P-2 (Tryptophan-P-2)	Trp-P-2 (Tryptophan-P-2), CAS Number: 62450-07-1
1074	trypan-blue-commercial-grade	Trypan Blue (Commercial Grade)	Trypan Blue (Commercial Grade), CAS Number: 72-57-1
1075	unleaded-gasoline-wholly-vaporized	Unleaded Gasoline (Wholly Vaporized)	Unleaded Gasoline (Wholly Vaporized), CAS Number: None
1076	uracil-mustard	Uracil Mustard	Uracil Mustard, CAS Number: 66-75-1
1077	uranium	Uranium	Uranium, CAS Number: 7440-61-1
1078	urethane	Urethane	Urethane, CAS Number: 51-79-6
1079	urofollitropin	Urofollitropin	Urofollitropin, CAS Number: 97048-13-0
1080	valproate	Valproate	Valproate, CAS Number: 99-66-1
1082	vanadium-pentoxide	Vanadium Pentoxide	Vanadium Pentoxide, CAS Number: 1314-62-1
1083	verapamil	Verapamil	Verapamil, CAS Number: 52-53-9
1084	vinblastine-sulfate	Vinblastine Sulfate	Vinblastine Sulfate, CAS Number: 143-67-9
1085	vinclozolin	Vinclozolin	Vinclozolin, CAS Number: 50471-44-8
1086	vincristine-sulfate	Vincristine Sulfate	Vincristine Sulfate, CAS Number: 2068-78-2
1087	vinyl-acetate	Vinyl Acetate	Vinyl Acetate, CAS Number: 108-05-4
1088	vinyl-bromide	Vinyl Bromide	Vinyl Bromide, CAS Number: 593-60-2
1089	vinyl-chloride	Vinyl chloride	Vinyl chloride, CAS Number: 75-01-4
1090	vinyl-cyclohexenedioxide	Vinyl Cyclohexenedioxide	Vinyl Cyclohexenedioxide, CAS Number: 106-87-6
1091	vinyl-fluoride	Vinyl Fluoride	Vinyl Fluoride, CAS Number: 75-02-5
1092	4-vinylcyclohexene	4-Vinylcyclohexene	4-Vinylcyclohexene, CAS Number: 100-40-3
1093	vismodegib	Vismodegib	Vismodegib, CAS Number: 879085-55-9
1094	warfarin	Warfarin	Warfarin, CAS Number: 81-81-2
1095	wood-dust	Wood Dust	Wood Dust, CAS Number: None
1099	xylenes-technical-mixture-of-m-o-p-isomers	Xylenes (technical mixture of m, o, p-isomers)	Xylenes (technical mixture of m, o, p-isomers), CAS Number: 1330-20-7
1100	26-xylidine	2,6-Xylidine	2,6-Xylidine, CAS Number: 87-62-7
1101	zalcitabine	Zalcitabine	Zalcitabine, CAS Number: 7481-89-2
1102	zearalenone	Zearalenone	Zearalenone, CAS Number: 17924-92-4
1103	zidovudine	Zidovudine	Zidovudine, CAS Number: 30516-87-1
1104	zileuton	Zileuton	Zileuton, CAS Number: 111406-87-2
1106	zineb	Zineb	Zineb, CAS Number: 12122-67-7
